Participant,Function,Strong_Preference,Plot_Match_Scored
3,F5,Yes,0
5,F5,Yes,0
6,F5,No,1
7,F5,No,0
9,F5,No,0
11,F5,Yes,0
12,F5,Yes,0
15,F5,No,1
17,F5,Yes,0
18,F5,No,0
19,F5,Yes,0
20,F5,Yes,0
21,F5,No,0
22,F5,Yes,1
24,F5,No,1
25,F5,No,0
26,F5,No,0
29,F5,Yes,0
33,F5,Yes,0
34,F5,No,0
36,F5,Yes,0
37,F5,No,0
39,F5,Yes,0
40,F5,Yes,0
41,F5,No,0
42,F5,No,0
43,F5,No,0
44,F5,Yes,0
45,F5,Yes,0
48,F5,No,0
50,F5,No,1
51,F5,Yes,0
53,F5,No,0
54,F5,No,0
55,F5,Yes,0
56,F5,Yes,0
57,F5,Yes,0
58,F5,No,1
59,F5,Yes,1
61,F5,No,0
62,F5,No,1
63,F5,Yes,0
64,F5,No,0
67,F5,Yes,1
68,F5,No,0
69,F5,Yes,0
73,F5,No,0
74,F5,Yes,0
76,F5,No,0
77,F5,Yes,0
78,F5,No,0
79,F5,No,0
81,F5,No,0
83,F5,Yes,0
85,F5,No,0
86,F5,Yes,0
87,F5,No,0
88,F5,No,0
91,F5,Yes,0
92,F5,Yes,0
93,F5,Yes,0
94,F5,No,0
95,F5,No,0
97,F5,Yes,0
98,F5,No,0
99,F5,Yes,0
101,F5,No,0
102,F5,Yes,0
103,F5,Yes,0
104,F5,Yes,0
105,F5,Yes,0
106,F5,Yes,0
107,F5,No,0
108,F5,No,1
112,F5,Yes,0
113,F5,Yes,0
116,F5,Yes,0
117,F5,Yes,0
118,F5,No,0
119,F5,No,0
120,F5,No,1
121,F5,No,1
125,F5,No,0
126,F5,No,0
127,F5,Yes,0
129,F5,Yes,0
131,F5,Yes,0
132,F5,No,0
135,F5,Yes,0
137,F5,No,1
143,F5,No,0
144,F5,No,0
146,F5,Yes,0
148,F5,Yes,0
149,F5,No,0
150,F5,Yes,0
153,F5,No,0
154,F5,Yes,0
155,F5,No,0
157,F5,Yes,0
158,F5,No,0
159,F5,Yes,0
160,F5,No,1
161,F5,No,0
162,F5,No,1
164,F5,Yes,0
165,F5,No,0
166,F5,Yes,0
167,F5,No,0
168,F5,Yes,0
169,F5,Yes,0
170,F5,No,0
171,F5,No,0
172,F5,Yes,0
173,F5,No,0
174,F5,No,0
175,F5,No,1
176,F5,Yes,0
177,F5,Yes,0
178,F5,No,0
179,F5,Yes,0
180,F5,No,0
181,F5,Yes,0
183,F5,Yes,0
184,F5,Yes,0
185,F5,No,0
186,F5,Yes,0
187,F5,Yes,0
189,F5,No,0
191,F5,Yes,0
196,F5,No,0
197,F5,Yes,0
198,F5,No,0
199,F5,Yes,0
200,F5,Yes,0
201,F5,No,0
203,F5,Yes,0
204,F5,Yes,0
205,F5,No,0
206,F5,Yes,0
208,F5,Yes,0
209,F5,Yes,0
211,F5,No,0
212,F5,No,0
213,F5,Yes,0
215,F5,Yes,0
216,F5,No,0
217,F5,No,0
219,F5,No,0
220,F5,No,0
221,F5,Yes,0
224,F5,No,0
225,F5,Yes,0
228,F5,Yes,0
229,F5,No,0
231,F5,Yes,0
232,F5,Yes,0
233,F5,No,1
234,F5,No,0
235,F5,No,0
236,F5,Yes,0
237,F5,Yes,1
239,F5,No,0
240,F5,Yes,0
242,F5,No,1
243,F5,Yes,0
244,F5,No,0
245,F5,No,0
246,F5,Yes,0
247,F5,No,0
249,F5,No,0
250,F5,Yes,0
251,F5,Yes,0
252,F5,No,0
254,F5,No,1
255,F5,No,0
259,F5,Yes,0
260,F5,Yes,0
262,F5,Yes,0
263,F5,No,0
264,F5,Yes,0
265,F5,Yes,0
270,F5,Yes,0
271,F5,No,1
272,F5,No,0
274,F5,Yes,0
275,F5,Yes,0
277,F5,Yes,0
278,F5,Yes,0
280,F5,Yes,0
282,F5,No,0
284,F5,Yes,1
285,F5,Yes,0
287,F5,Yes,0
288,F5,Yes,0
289,F5,No,0
290,F5,Yes,0
291,F5,No,0
292,F5,Yes,0
295,F5,No,0
297,F5,Yes,0
299,F5,No,0
300,F5,No,0
301,F5,No,1
302,F5,No,0
304,F5,Yes,0
305,F5,No,0
308,F5,Yes,0
309,F5,Yes,0
310,F5,Yes,0
311,F5,Yes,0
312,F5,Yes,0
313,F5,No,0
314,F5,Yes,0
317,F5,Yes,0
318,F5,Yes,0
320,F5,Yes,0
326,F5,Yes,0
327,F5,No,0
328,F5,Yes,0
332,F5,No,0
333,F5,No,0
335,F5,No,0
336,F5,No,0
338,F5,No,0
340,F5,Yes,0
344,F5,No,0
346,F5,Yes,0
347,F5,No,0
348,F5,Yes,0
350,F5,Yes,1
351,F5,No,0
352,F5,Yes,0
354,F5,Yes,0
358,F5,Yes,0
361,F5,No,0
362,F5,No,0
363,F5,No,0
364,F5,Yes,0
365,F5,Yes,0
366,F5,Yes,0
367,F5,No,0
370,F5,No,0
372,F5,Yes,0
375,F5,No,0
376,F5,No,0
380,F5,No,0
382,F5,No,0
383,F5,No,1
384,F5,No,1
385,F5,Yes,0
387,F5,Yes,0
391,F5,No,0
392,F5,No,0
393,F5,No,0
394,F5,No,0
397,F5,Yes,0
399,F5,No,0
401,F5,No,0
402,F5,No,1
403,F5,Yes,0
404,F5,Yes,0
406,F5,Yes,0
408,F5,No,0
409,F5,Yes,0
412,F5,No,0
413,F5,Yes,0
415,F5,Yes,0
418,F5,No,0
419,F5,Yes,0
420,F5,Yes,0
421,F5,No,0
424,F5,Yes,0
425,F5,No,1
427,F5,Yes,0
428,F5,Yes,0
429,F5,No,1
432,F5,Yes,0
433,F5,Yes,0
434,F5,Yes,0
435,F5,Yes,0
437,F5,No,0
439,F5,No,0
3,F6,No,0
5,F6,No,0
6,F6,Yes,0
7,F6,Yes,0
9,F6,No,0
11,F6,No,0
12,F6,Yes,0
15,F6,No,0
17,F6,No,0
18,F6,No,0
19,F6,No,0
20,F6,Yes,0
21,F6,Yes,0
22,F6,No,1
24,F6,Yes,0
25,F6,No,0
26,F6,No,0
29,F6,Yes,0
33,F6,No,1
34,F6,No,0
36,F6,No,0
37,F6,Yes,1
39,F6,No,0
40,F6,No,0
41,F6,Yes,0
42,F6,No,1
43,F6,Yes,0
44,F6,Yes,0
45,F6,No,0
48,F6,Yes,0
50,F6,No,0
51,F6,No,0
53,F6,Yes,0
54,F6,Yes,0
55,F6,No,0
56,F6,No,0
57,F6,Yes,0
58,F6,Yes,1
59,F6,No,0
61,F6,Yes,0
62,F6,Yes,0
63,F6,Yes,0
64,F6,Yes,1
67,F6,No,1
68,F6,No,0
69,F6,Yes,0
73,F6,No,1
74,F6,Yes,0
76,F6,No,0
77,F6,No,0
78,F6,No,0
79,F6,No,0
81,F6,Yes,1
83,F6,No,1
85,F6,Yes,0
86,F6,No,0
87,F6,No,0
88,F6,No,0
91,F6,Yes,1
92,F6,No,0
93,F6,Yes,0
94,F6,Yes,0
95,F6,No,0
97,F6,No,1
98,F6,Yes,0
99,F6,No,0
101,F6,No,1
102,F6,No,0
103,F6,No,0
104,F6,No,0
105,F6,Yes,0
106,F6,No,0
107,F6,No,0
108,F6,Yes,0
112,F6,Yes,0
113,F6,No,0
116,F6,Yes,0
117,F6,Yes,0
118,F6,Yes,0
119,F6,Yes,0
120,F6,No,1
121,F6,Yes,0
125,F6,Yes,0
126,F6,No,1
127,F6,Yes,0
129,F6,Yes,0
131,F6,Yes,0
132,F6,Yes,0
135,F6,Yes,0
137,F6,Yes,0
143,F6,No,0
144,F6,No,0
146,F6,Yes,1
148,F6,Yes,0
149,F6,Yes,0
150,F6,No,0
153,F6,Yes,0
154,F6,Yes,0
155,F6,Yes,0
157,F6,Yes,0
158,F6,No,1
159,F6,No,0
160,F6,No,0
161,F6,Yes,0
162,F6,Yes,0
164,F6,No,0
165,F6,No,0
166,F6,Yes,0
167,F6,No,1
168,F6,No,1
169,F6,Yes,0
170,F6,Yes,0
171,F6,Yes,0
172,F6,Yes,0
173,F6,No,1
174,F6,Yes,0
175,F6,No,0
176,F6,No,0
177,F6,No,1
178,F6,Yes,0
179,F6,Yes,0
180,F6,Yes,0
181,F6,Yes,0
183,F6,No,0
184,F6,No,0
185,F6,Yes,0
186,F6,Yes,0
187,F6,No,0
189,F6,Yes,0
191,F6,No,0
196,F6,No,0
197,F6,No,0
198,F6,No,0
199,F6,Yes,0
200,F6,No,0
201,F6,Yes,0
203,F6,No,0
204,F6,Yes,0
205,F6,Yes,0
206,F6,No,0
208,F6,No,1
209,F6,Yes,0
211,F6,No,0
212,F6,No,0
213,F6,No,1
215,F6,Yes,0
216,F6,No,0
217,F6,Yes,0
219,F6,Yes,0
220,F6,No,0
221,F6,Yes,0
224,F6,Yes,0
225,F6,Yes,1
228,F6,No,0
229,F6,Yes,0
231,F6,No,0
232,F6,Yes,0
233,F6,Yes,0
234,F6,Yes,0
235,F6,No,0
236,F6,Yes,0
237,F6,No,1
239,F6,Yes,0
240,F6,Yes,0
242,F6,Yes,1
243,F6,Yes,0
244,F6,Yes,0
245,F6,Yes,1
246,F6,Yes,0
247,F6,Yes,0
249,F6,No,0
250,F6,No,0
251,F6,Yes,0
252,F6,No,0
254,F6,No,0
255,F6,No,0
259,F6,No,0
260,F6,Yes,0
262,F6,No,0
263,F6,No,0
264,F6,No,0
265,F6,No,0
270,F6,Yes,0
271,F6,Yes,0
272,F6,Yes,0
274,F6,No,0
275,F6,Yes,0
277,F6,Yes,0
278,F6,No,0
280,F6,Yes,0
282,F6,No,0
284,F6,No,0
285,F6,No,0
287,F6,No,0
288,F6,No,0
289,F6,Yes,0
290,F6,No,0
291,F6,Yes,0
292,F6,No,0
295,F6,Yes,0
297,F6,No,0
299,F6,Yes,0
300,F6,Yes,0
301,F6,No,0
302,F6,Yes,0
304,F6,Yes,0
305,F6,No,0
308,F6,No,1
309,F6,No,0
310,F6,No,1
311,F6,No,0
312,F6,No,0
313,F6,Yes,0
314,F6,No,0
317,F6,No,0
318,F6,Yes,0
320,F6,No,0
326,F6,No,1
327,F6,Yes,0
328,F6,No,0
332,F6,Yes,0
333,F6,Yes,0
335,F6,Yes,0
336,F6,No,0
338,F6,Yes,0
340,F6,Yes,0
344,F6,No,1
346,F6,Yes,0
347,F6,Yes,0
348,F6,Yes,0
350,F6,No,0
351,F6,Yes,0
352,F6,No,0
354,F6,Yes,0
358,F6,No,0
361,F6,Yes,0
362,F6,No,0
363,F6,Yes,0
364,F6,No,0
365,F6,Yes,0
366,F6,No,0
367,F6,Yes,0
370,F6,Yes,0
372,F6,Yes,0
375,F6,No,0
376,F6,Yes,0
380,F6,Yes,0
382,F6,No,0
383,F6,Yes,0
384,F6,No,0
385,F6,No,1
387,F6,Yes,0
391,F6,Yes,0
392,F6,Yes,0
393,F6,No,1
394,F6,Yes,0
397,F6,Yes,0
399,F6,No,1
401,F6,Yes,0
402,F6,No,0
403,F6,No,0
404,F6,No,0
406,F6,Yes,0
408,F6,Yes,0
409,F6,No,0
412,F6,No,1
413,F6,No,0
415,F6,No,0
418,F6,No,0
419,F6,No,0
420,F6,No,0
421,F6,Yes,0
424,F6,Yes,0
425,F6,No,0
427,F6,No,0
428,F6,No,0
429,F6,Yes,0
432,F6,Yes,1
433,F6,No,0
434,F6,Yes,0
435,F6,Yes,0
437,F6,No,1
439,F6,No,0
