Participant,F5_Raw_Judgment_Value,F6_Raw_Judgment_Value,F5_Scored_Judgment_Bias,F6_Scored_Judgment_Bias,Average_Judgment_Bias
9,5,5,0,0,0
11,5,5,0,0,0
12,1,1,4,4,4
13,5,5,10,0,5
15,2,3,3,2,2.5
16,5,5,0,0,0
17,3,3,2,2,2
18,5,2,0,3,1.5
20,5,4,10,1,5.5
21,5,2,0,3,1.5
22,0,2,5,3,4
23,1,0,4,5,4.5
25,3,2,8,3,5.5
26,5,5,10,0,5
27,5,3,0,2,1
28,2,4,3,1,2
29,2,2,7,3,5
30,5,5,0,0,0
31,5,5,10,0,5
32,1,3,4,8,6
33,5,5,0,0,0
35,2,0,3,5,4
36,5,5,0,10,5
37,5,5,0,10,5
38,5,5,0,0,0
39,5,4,10,1,5.5
40,2,5,3,10,6.5
45,5,5,0,10,5
47,5,5,0,0,0
48,5,4,0,9,4.5
49,3,3,0,0,2
50,5,5,10,0,0
52,5,5,7,7,5
53,2,2,5,3,7
54,0,2,0,0,4
56,5,5,3,5,0
57,2,0,0,0,4
59,5,5,0,0,0
61,5,5,10,0,0
63,5,5,0,2,5
64,5,3,2,2,1
