Participant,Function,Strong_Preference,Judgment_Accuracy,Judgment_Bias
7,F5,Yes,1,0
8,F5,Yes,1,0
9,F5,No,1,NA
10,F5,No,1,NA
11,F5,No,0,NA
12,F5,No,0,NA
13,F5,No,1,NA
14,F5,No,1,NA
15,F5,No,1,NA
16,F5,Yes,1,0
17,F5,No,1,NA
18,F5,Yes,1,0
19,F5,No,0,NA
20,F5,No,0,NA
22,F5,No,1,NA
24,F5,Yes,1,0
25,F5,No,1,NA
26,F5,No,1,NA
27,F5,Yes,1,0
28,F5,No,1,NA
29,F5,Yes,1,0
30,F5,Yes,1,2
32,F5,Yes,1,0
36,F5,Yes,1,0
37,F5,Yes,1,0
38,F5,No,0,NA
39,F5,No,1,NA
40,F5,No,1,NA
42,F5,Yes,0,1
43,F5,Yes,1,0
44,F5,Yes,1,0
45,F5,No,1,NA
46,F5,Yes,0,1
47,F5,Yes,1,0
48,F5,No,0,NA
49,F5,No,1,NA
50,F5,No,1,NA
52,F5,Yes,1,0
53,F5,Yes,1,0
55,F5,Yes,1,0
58,F5,Yes,1,2
59,F5,Yes,1,2
60,F5,Yes,1,0
61,F5,Yes,1,0
63,F5,Yes,1,0
64,F5,Yes,1,0
65,F5,Yes,1,0
67,F5,Yes,0,1
68,F5,No,1,NA
69,F5,Yes,0,1
70,F5,No,1,NA
71,F5,No,1,NA
72,F5,Yes,0,1
73,F5,Yes,1,0
74,F5,Yes,1,0
75,F5,No,1,NA
76,F5,No,0,NA
78,F5,No,1,NA
79,F5,Yes,1,0
80,F5,Yes,1,2
81,F5,No,1,NA
82,F5,No,0,NA
83,F5,Yes,1,0
85,F5,No,0,NA
86,F5,No,0,NA
87,F5,No,1,NA
89,F5,No,1,NA
90,F5,Yes,0,1
91,F5,No,1,NA
92,F5,No,1,NA
93,F5,No,0,NA
94,F5,Yes,1,2
95,F5,No,1,NA
97,F5,Yes,1,2
98,F5,No,1,NA
100,F5,Yes,1,0
101,F5,Yes,1,0
102,F5,No,1,NA
103,F5,No,1,NA
104,F5,No,0,NA
105,F5,No,0,NA
106,F5,Yes,1,0
108,F5,No,1,NA
110,F5,Yes,1,0
111,F5,No,1,NA
112,F5,No,1,NA
113,F5,Yes,1,0
114,F5,No,1,NA
7,F6,No,1,NA
8,F6,No,1,NA
9,F6,Yes,1,0
10,F6,Yes,1,0
11,F6,No,0,NA
12,F6,No,0,NA
13,F6,No,1,NA
14,F6,Yes,1,0
15,F6,No,1,NA
16,F6,Yes,1,0
17,F6,Yes,1,2
18,F6,No,1,NA
19,F6,Yes,0,1
20,F6,Yes,0,1
22,F6,Yes,1,2
24,F6,No,1,NA
25,F6,Yes,1,0
26,F6,No,1,NA
27,F6,Yes,1,0
28,F6,Yes,0,1
29,F6,No,1,NA
30,F6,Yes,1,0
32,F6,Yes,1,0
36,F6,Yes,1,0
37,F6,No,1,NA
38,F6,Yes,1,0
39,F6,No,1,NA
40,F6,No,1,NA
42,F6,Yes,1,0
43,F6,No,1,NA
44,F6,No,1,NA
45,F6,No,1,NA
46,F6,Yes,0,1
47,F6,No,0,NA
48,F6,Yes,1,0
49,F6,Yes,1,0
50,F6,No,1,NA
52,F6,Yes,1,2
53,F6,No,0,NA
55,F6,No,1,NA
58,F6,No,1,NA
59,F6,No,0,NA
60,F6,Yes,1,2
61,F6,No,1,NA
63,F6,Yes,1,0
64,F6,No,1,NA
65,F6,No,1,NA
67,F6,No,0,NA
68,F6,Yes,1,0
69,F6,Yes,0,1
70,F6,Yes,1,0
71,F6,No,1,NA
72,F6,Yes,1,0
73,F6,Yes,1,0
74,F6,Yes,1,2
75,F6,Yes,1,0
76,F6,Yes,1,0
78,F6,Yes,1,2
79,F6,No,1,NA
80,F6,No,0,NA
81,F6,Yes,1,0
82,F6,Yes,1,0
83,F6,No,1,NA
85,F6,Yes,0,1
86,F6,Yes,1,0
87,F6,Yes,1,0
89,F6,Yes,1,0
90,F6,Yes,0,1
91,F6,Yes,1,2
92,F6,No,1,NA
93,F6,No,1,NA
94,F6,Yes,0,1
95,F6,No,1,NA
97,F6,No,1,NA
98,F6,No,1,NA
100,F6,No,1,NA
101,F6,No,1,NA
102,F6,Yes,1,2
103,F6,Yes,1,2
104,F6,No,0,NA
105,F6,No,0,NA
106,F6,No,1,NA
108,F6,Yes,0,1
110,F6,No,1,NA
111,F6,Yes,1,0
112,F6,Yes,1,0
113,F6,No,0,NA
114,F6,No,1,NA
