Participant,Function,Ambiguity,Congruence,Plot_Match_Scored
7,F1,Low,Neutral,1
8,F1,Low,Incongruent,0
9,F1,Low,Neutral,0
10,F1,Low,Incongruent,0
11,F1,Low,Incongruent,1
12,F1,Low,Congruent,1
13,F1,Low,Congruent,0
14,F1,Low,Incongruent,1
15,F1,Low,Congruent,0
16,F1,Low,Neutral,0
17,F1,Low,Congruent,1
18,F1,Low,Neutral,0
19,F1,Low,Congruent,0
20,F1,Low,Incongruent,0
22,F1,Low,Neutral,0
24,F1,Low,Congruent,1
25,F1,Low,Neutral,0
26,F1,Low,Congruent,0
27,F1,Low,Neutral,0
28,F1,Low,Congruent,1
29,F1,Low,Neutral,0
30,F1,Low,Neutral,0
32,F1,Low,Neutral,0
36,F1,Low,Neutral,0
37,F1,Low,Neutral,1
38,F1,Low,Neutral,1
39,F1,Low,Congruent,0
40,F1,Low,Incongruent,0
42,F1,Low,Neutral,1
43,F1,Low,Neutral,1
44,F1,Low,Neutral,1
45,F1,Low,Congruent,1
46,F1,Low,Neutral,0
47,F1,Low,Neutral,0
48,F1,Low,Neutral,1
49,F1,Low,Congruent,1
50,F1,Low,Incongruent,0
52,F1,Low,Neutral,0
53,F1,Low,Neutral,0
55,F1,Low,Neutral,1
58,F1,Low,Neutral,1
59,F1,Low,Neutral,1
60,F1,Low,Neutral,0
61,F1,Low,Neutral,0
63,F1,Low,Congruent,0
64,F1,Low,Congruent,0
65,F1,Low,Neutral,0
67,F1,Low,Neutral,0
68,F1,Low,Congruent,0
69,F1,Low,Incongruent,0
70,F1,Low,Incongruent,1
71,F1,Low,Incongruent,1
72,F1,Low,Neutral,0
73,F1,Low,Neutral,1
74,F1,Low,Incongruent,1
75,F1,Low,Congruent,0
76,F1,Low,Incongruent,0
78,F1,Low,Neutral,0
79,F1,Low,Neutral,1
80,F1,Low,Neutral,1
81,F1,Low,Neutral,1
82,F1,Low,Incongruent,1
83,F1,Low,Congruent,0
85,F1,Low,Neutral,0
86,F1,Low,Congruent,1
87,F1,Low,Neutral,0
89,F1,Low,Congruent,0
90,F1,Low,Neutral,0
91,F1,Low,Congruent,1
92,F1,Low,Incongruent,0
93,F1,Low,Congruent,1
94,F1,Low,Neutral,1
95,F1,Low,Incongruent,0
97,F1,Low,Neutral,0
98,F1,Low,Incongruent,0
100,F1,Low,Congruent,0
101,F1,Low,Neutral,0
102,F1,Low,Incongruent,0
103,F1,Low,Incongruent,0
104,F1,Low,Congruent,1
105,F1,Low,Neutral,0
106,F1,Low,Neutral,0
108,F1,Low,Neutral,0
110,F1,Low,Neutral,0
111,F1,Low,Neutral,0
112,F1,Low,Congruent,1
113,F1,Low,Incongruent,0
114,F1,Low,Congruent,0
7,F2,Low,Congruent,0
8,F2,Low,Neutral,0
9,F2,Low,Incongruent,0
10,F2,Low,Neutral,0
11,F2,Low,Congruent,1
12,F2,Low,Incongruent,0
13,F2,Low,Neutral,0
14,F2,Low,Neutral,0
15,F2,Low,Congruent,0
16,F2,Low,Neutral,0
17,F2,Low,Neutral,0
18,F2,Low,Congruent,0
19,F2,Low,Congruent,0
20,F2,Low,Incongruent,1
22,F2,Low,Incongruent,0
24,F2,Low,Neutral,1
25,F2,Low,Congruent,0
26,F2,Low,Incongruent,0
27,F2,Low,Incongruent,0
28,F2,Low,Neutral,0
29,F2,Low,Neutral,0
30,F2,Low,Neutral,0
32,F2,Low,Neutral,0
36,F2,Low,Neutral,0
37,F2,Low,Congruent,0
38,F2,Low,Neutral,0
39,F2,Low,Incongruent,0
40,F2,Low,Incongruent,0
42,F2,Low,Neutral,0
43,F2,Low,Incongruent,0
44,F2,Low,Incongruent,1
45,F2,Low,Neutral,0
46,F2,Low,Congruent,0
47,F2,Low,Neutral,1
48,F2,Low,Neutral,0
49,F2,Low,Neutral,0
50,F2,Low,Neutral,1
52,F2,Low,Congruent,0
53,F2,Low,Neutral,1
55,F2,Low,Incongruent,0
58,F2,Low,Incongruent,1
59,F2,Low,Incongruent,0
60,F2,Low,Neutral,0
61,F2,Low,Neutral,0
63,F2,Low,Neutral,1
64,F2,Low,Neutral,0
65,F2,Low,Neutral,0
67,F2,Low,Incongruent,0
68,F2,Low,Neutral,0
69,F2,Low,Neutral,0
70,F2,Low,Incongruent,0
71,F2,Low,Congruent,1
72,F2,Low,Neutral,0
73,F2,Low,Neutral,0
74,F2,Low,Neutral,0
75,F2,Low,Neutral,0
76,F2,Low,Congruent,0
78,F2,Low,Congruent,0
79,F2,Low,Incongruent,0
80,F2,Low,Neutral,1
81,F2,Low,Congruent,1
82,F2,Low,Neutral,0
83,F2,Low,Incongruent,0
85,F2,Low,Congruent,0
86,F2,Low,Congruent,0
87,F2,Low,Incongruent,0
89,F2,Low,Neutral,0
90,F2,Low,Neutral,0
91,F2,Low,Neutral,0
92,F2,Low,Incongruent,0
93,F2,Low,Congruent,0
94,F2,Low,Neutral,0
95,F2,Low,Incongruent,1
97,F2,Low,Neutral,1
98,F2,Low,Incongruent,0
100,F2,Low,Incongruent,0
101,F2,Low,Congruent,0
102,F2,Low,Neutral,0
103,F2,Low,Neutral,0
104,F2,Low,Neutral,1
105,F2,Low,Congruent,0
106,F2,Low,Congruent,1
108,F2,Low,Incongruent,1
110,F2,Low,Congruent,0
111,F2,Low,Congruent,0
112,F2,Low,Incongruent,0
113,F2,Low,Incongruent,1
114,F2,Low,Incongruent,0
7,F3,High,Neutral,0
8,F3,High,Incongruent,0
9,F3,High,Neutral,0
10,F3,High,Neutral,0
11,F3,High,Neutral,0
12,F3,High,Neutral,0
13,F3,High,Incongruent,0
14,F3,High,Neutral,0
15,F3,High,Neutral,0
16,F3,High,Incongruent,1
17,F3,High,Incongruent,0
18,F3,High,Neutral,0
19,F3,High,Neutral,0
20,F3,High,Neutral,0
22,F3,High,Incongruent,0
24,F3,High,Neutral,0
25,F3,High,Incongruent,0
26,F3,High,Neutral,0
27,F3,High,Neutral,0
28,F3,High,Neutral,0
29,F3,High,Congruent,0
30,F3,High,Congruent,0
32,F3,High,Neutral,0
36,F3,High,Congruent,1
37,F3,High,Neutral,0
38,F3,High,Congruent,1
39,F3,High,Neutral,0
40,F3,High,Neutral,0
42,F3,High,Neutral,0
43,F3,High,Neutral,0
44,F3,High,Neutral,1
45,F3,High,Incongruent,0
46,F3,High,Neutral,0
47,F3,High,Congruent,0
48,F3,High,Incongruent,0
49,F3,High,Neutral,0
50,F3,High,Congruent,0
52,F3,High,Neutral,0
53,F3,High,Congruent,0
55,F3,High,Incongruent,1
58,F3,High,Neutral,0
59,F3,High,Neutral,0
60,F3,High,Incongruent,0
61,F3,High,Incongruent,0
63,F3,High,Neutral,0
64,F3,High,Neutral,0
65,F3,High,Incongruent,0
67,F3,High,Neutral,0
68,F3,High,Neutral,1
69,F3,High,Neutral,0
70,F3,High,Neutral,0
71,F3,High,Congruent,0
72,F3,High,Neutral,0
73,F3,High,Neutral,0
74,F3,High,Neutral,0
75,F3,High,Incongruent,0
76,F3,High,Neutral,0
78,F3,High,Congruent,1
79,F3,High,Neutral,0
80,F3,High,Congruent,0
81,F3,High,Incongruent,0
82,F3,High,Congruent,0
83,F3,High,Neutral,1
85,F3,High,Neutral,0
86,F3,High,Neutral,0
87,F3,High,Congruent,0
89,F3,High,Incongruent,1
90,F3,High,Congruent,0
91,F3,High,Neutral,1
92,F3,High,Neutral,0
93,F3,High,Congruent,0
94,F3,High,Neutral,1
95,F3,High,Neutral,0
97,F3,High,Congruent,0
98,F3,High,Congruent,0
100,F3,High,Neutral,1
101,F3,High,Neutral,0
102,F3,High,Congruent,0
103,F3,High,Congruent,0
104,F3,High,Congruent,0
105,F3,High,Congruent,0
106,F3,High,Neutral,0
108,F3,High,Incongruent,0
110,F3,High,Incongruent,0
111,F3,High,Neutral,0
112,F3,High,Neutral,1
113,F3,High,Neutral,0
114,F3,High,Neutral,1
7,F4,High,Incongruent,0
8,F4,High,Neutral,1
9,F4,High,Incongruent,0
10,F4,High,Incongruent,0
11,F4,High,Incongruent,0
12,F4,High,Congruent,0
13,F4,High,Incongruent,0
14,F4,High,Incongruent,0
15,F4,High,Incongruent,0
16,F4,High,Neutral,0
17,F4,High,Neutral,0
18,F4,High,Incongruent,0
19,F4,High,Neutral,0
20,F4,High,Neutral,0
22,F4,High,Neutral,1
24,F4,High,Congruent,0
25,F4,High,Neutral,0
26,F4,High,Congruent,0
27,F4,High,Neutral,0
28,F4,High,Neutral,0
29,F4,High,Congruent,0
30,F4,High,Neutral,0
32,F4,High,Incongruent,0
36,F4,High,Neutral,0
37,F4,High,Incongruent,0
38,F4,High,Incongruent,0
39,F4,High,Incongruent,0
40,F4,High,Congruent,1
42,F4,High,Incongruent,0
43,F4,High,Congruent,0
44,F4,High,Incongruent,0
45,F4,High,Congruent,0
46,F4,High,Neutral,0
47,F4,High,Incongruent,0
48,F4,High,Congruent,0
49,F4,High,Congruent,1
50,F4,High,Incongruent,0
52,F4,High,Neutral,0
53,F4,High,Congruent,1
55,F4,High,Neutral,1
58,F4,High,Congruent,0
59,F4,High,Incongruent,0
60,F4,High,Neutral,0
61,F4,High,Incongruent,0
63,F4,High,Neutral,0
64,F4,High,Congruent,0
65,F4,High,Congruent,0
67,F4,High,Congruent,0
68,F4,High,Congruent,1
69,F4,High,Neutral,0
70,F4,High,Neutral,0
71,F4,High,Neutral,0
72,F4,High,Congruent,0
73,F4,High,Congruent,0
74,F4,High,Neutral,0
75,F4,High,Neutral,1
76,F4,High,Neutral,0
78,F4,High,Neutral,0
79,F4,High,Congruent,1
80,F4,High,Incongruent,0
81,F4,High,Neutral,0
82,F4,High,Neutral,0
83,F4,High,Neutral,0
85,F4,High,Congruent,1
86,F4,High,Neutral,0
87,F4,High,Neutral,0
89,F4,High,Neutral,0
90,F4,High,Neutral,0
91,F4,High,Congruent,0
92,F4,High,Congruent,0
93,F4,High,Neutral,0
94,F4,High,Incongruent,0
95,F4,High,Incongruent,1
97,F4,High,Congruent,1
98,F4,High,Neutral,0
100,F4,High,Neutral,0
101,F4,High,Incongruent,0
102,F4,High,Neutral,0
103,F4,High,Neutral,0
104,F4,High,Congruent,0
105,F4,High,Congruent,0
106,F4,High,Incongruent,0
108,F4,High,Neutral,0
110,F4,High,Neutral,0
111,F4,High,Congruent,1
112,F4,High,Neutral,0
113,F4,High,Neutral,0
114,F4,High,Incongruent,0
