Participant,Function_Exposure_Treatment,Function,Congruence,Ambiguity,Judgment_Accuracy
4,0,F1,Congruent,Low,0
4,0,F2,Incongruent,Low,0
4,0,F3,Incongruent,High,2
4,0,F4,Congruent,High,1
5,0,F1,Incongruent,Low,2
5,0,F2,Congruent,Low,0
5,0,F3,Congruent,High,2
5,0,F4,Incongruent,High,2
7,0,F1,Incongruent,Low,1
7,0,F2,Congruent,Low,0
7,0,F3,Incongruent,High,1
7,0,F4,Congruent,High,1
8,0,F1,Congruent,Low,0
8,0,F4,Congruent,High,2
9,0,F1,Congruent,Low,1
9,0,F2,Incongruent,Low,0
9,0,F3,Congruent,High,2
9,0,F4,Incongruent,High,2
12,0,F1,Incongruent,Low,0
12,0,F2,Congruent,Low,0
12,0,F3,Congruent,High,2
12,0,F4,Incongruent,High,2
13,1,F1,Congruent,Low,0
13,1,F2,Incongruent,Low,0
13,1,F3,Incongruent,High,2
13,1,F4,Congruent,High,2
14,0,F1,Incongruent,Low,2
14,0,F2,Congruent,Low,0
15,1,F1,Congruent,Low,0
15,1,F2,Incongruent,Low,0
15,1,F3,Congruent,High,0
15,1,F4,Incongruent,High,2
16,0,F1,Incongruent,Low,0
16,0,F2,Congruent,Low,0
16,0,F3,Incongruent,High,2
16,0,F4,Congruent,High,2
17,0,F1,Congruent,Low,0
17,0,F2,Incongruent,Low,2
17,0,F3,Incongruent,High,2
17,0,F4,Congruent,High,0
19,0,F1,Incongruent,Low,0
19,0,F2,Congruent,Low,0
19,0,F3,Congruent,High,2
19,0,F4,Incongruent,High,2
21,1,F1,Congruent,Low,0
21,1,F2,Incongruent,Low,2
21,1,F3,Incongruent,High,2
21,1,F4,Congruent,High,2
22,0,F1,Congruent,Low,0
22,0,F2,Incongruent,Low,2
22,0,F3,Incongruent,High,2
22,0,F4,Congruent,High,0
23,0,F1,Congruent,Low,0
23,0,F2,Incongruent,Low,2
23,0,F3,Congruent,High,0
23,0,F4,Incongruent,High,2
27,0,F1,Incongruent,Low,0
27,0,F2,Congruent,Low,0
27,0,F3,Incongruent,High,2
27,0,F4,Congruent,High,1
28,1,F1,Congruent,Low,0
28,1,F2,Incongruent,Low,0
28,1,F3,Congruent,High,2
28,1,F4,Incongruent,High,2
29,1,F1,Incongruent,Low,0
29,1,F2,Congruent,Low,0
29,1,F3,Congruent,High,2
29,1,F4,Incongruent,High,2
30,0,F1,Incongruent,Low,0
30,0,F2,Congruent,Low,0
30,0,F3,Incongruent,High,2
30,0,F4,Congruent,High,2
31,1,F1,Congruent,Low,0
31,1,F2,Incongruent,Low,2
31,1,F3,Congruent,High,0
31,1,F4,Incongruent,High,2
32,1,F1,Congruent,Low,0
32,1,F2,Incongruent,Low,0
32,1,F3,Incongruent,High,2
32,1,F4,Congruent,High,0
33,1,F1,Congruent,Low,0
33,1,F2,Incongruent,Low,0
33,1,F3,Incongruent,High,2
33,1,F4,Congruent,High,2
34,1,F1,Congruent,Low,0
34,1,F2,Incongruent,Low,2
34,1,F3,Incongruent,High,0
34,1,F4,Congruent,High,2
35,1,F1,Incongruent,Low,0
35,1,F2,Congruent,Low,0
35,1,F3,Incongruent,High,2
35,1,F4,Congruent,High,0
36,0,F1,Congruent,Low,0
36,0,F2,Incongruent,Low,2
36,0,F3,Incongruent,High,2
36,0,F4,Congruent,High,0
38,1,F1,Congruent,Low,0
38,1,F2,Incongruent,Low,0
38,1,F3,Incongruent,High,1
38,1,F4,Congruent,High,2
39,0,F1,Incongruent,Low,0
39,0,F2,Congruent,Low,0
39,0,F3,Congruent,High,1
39,0,F4,Incongruent,High,0
40,1,F1,Congruent,Low,0
40,1,F2,Incongruent,Low,0
40,1,F3,Congruent,High,0
40,1,F4,Incongruent,High,2
41,1,F1,Incongruent,Low,2
41,1,F2,Congruent,Low,0
41,1,F3,Incongruent,High,1
41,1,F4,Congruent,High,1
42,1,F1,Congruent,Low,1
42,1,F2,Incongruent,Low,1
42,1,F3,Incongruent,High,2
42,1,F4,Congruent,High,0
44,0,F1,Congruent,Low,2
44,0,F2,Incongruent,Low,1
44,0,F3,Incongruent,High,1
44,0,F4,Congruent,High,1
46,1,F2,Congruent,Low,0
46,1,F3,Congruent,High,2
46,1,F4,Incongruent,High,0
47,0,F1,Congruent,Low,0
47,0,F2,Incongruent,Low,0
47,0,F3,Incongruent,High,2
47,0,F4,Congruent,High,2
48,0,F1,Congruent,Low,0
48,0,F2,Incongruent,Low,0
48,0,F3,Incongruent,High,2
48,0,F4,Congruent,High,2
49,0,F1,Incongruent,Low,0
49,0,F2,Congruent,Low,0
49,0,F3,Congruent,High,0
49,0,F4,Incongruent,High,2
50,0,F1,Incongruent,Low,0
50,0,F2,Congruent,Low,0
50,0,F3,Congruent,High,2
50,0,F4,Incongruent,High,2
51,1,F1,Incongruent,Low,0
51,1,F2,Congruent,Low,0
51,1,F3,Congruent,High,2
51,1,F4,Incongruent,High,2
52,1,F1,Congruent,Low,0
52,1,F2,Incongruent,Low,0
52,1,F3,Congruent,High,0
52,1,F4,Incongruent,High,2
54,1,F1,Congruent,Low,0
54,1,F2,Incongruent,Low,0
54,1,F3,Congruent,High,2
54,1,F4,Incongruent,High,2
57,0,F1,Incongruent,Low,0
57,0,F2,Congruent,Low,0
58,1,F1,Incongruent,Low,0
58,1,F2,Congruent,Low,0
58,1,F3,Incongruent,High,2
58,1,F4,Congruent,High,0
59,1,F1,Congruent,Low,1
59,1,F2,Incongruent,Low,2
59,1,F3,Incongruent,High,2
59,1,F4,Congruent,High,2
61,1,F1,Congruent,Low,0
61,1,F2,Incongruent,Low,0
61,1,F3,Incongruent,High,2
61,1,F4,Congruent,High,2
63,0,F1,Incongruent,Low,2
63,0,F2,Congruent,Low,0
63,0,F3,Incongruent,High,2
63,0,F4,Congruent,High,2
64,1,F1,Incongruent,Low,0
64,1,F2,Congruent,Low,0
64,1,F3,Incongruent,High,2
64,1,F4,Congruent,High,2
65,0,F1,Congruent,Low,0
65,0,F2,Incongruent,Low,0
65,0,F3,Congruent,High,0
65,0,F4,Incongruent,High,2
67,0,F1,Incongruent,Low,0
67,0,F2,Congruent,Low,0
67,0,F3,Incongruent,High,2
67,0,F4,Congruent,High,2
68,0,F1,Congruent,Low,0
68,0,F2,Incongruent,Low,0
68,0,F3,Incongruent,High,2
68,0,F4,Congruent,High,0
69,0,F2,Congruent,Low,0
69,0,F3,Congruent,High,0
69,0,F4,Incongruent,High,2
71,1,F1,Congruent,Low,0
71,1,F2,Incongruent,Low,0
71,1,F3,Incongruent,High,2
71,1,F4,Congruent,High,2
72,1,F1,Congruent,Low,0
72,1,F3,Congruent,High,2
72,1,F4,Incongruent,High,2
73,0,F1,Incongruent,Low,0
73,0,F2,Congruent,Low,0
73,0,F3,Congruent,High,2
73,0,F4,Incongruent,High,2
74,0,F1,Congruent,Low,0
74,0,F2,Incongruent,Low,0
74,0,F3,Incongruent,High,2
74,0,F4,Congruent,High,2
77,0,F2,Incongruent,Low,1
77,0,F4,Congruent,High,2
81,0,F1,Incongruent,Low,2
81,0,F2,Congruent,Low,0
81,0,F3,Congruent,High,0
81,0,F4,Incongruent,High,2
82,1,F1,Congruent,Low,0
82,1,F2,Incongruent,Low,0
82,1,F3,Congruent,High,2
82,1,F4,Incongruent,High,2
83,1,F1,Incongruent,Low,0
83,1,F2,Congruent,Low,0
83,1,F3,Incongruent,High,2
83,1,F4,Congruent,High,0
84,0,F1,Incongruent,Low,0
84,0,F2,Congruent,Low,0
84,0,F3,Congruent,High,2
84,0,F4,Incongruent,High,2
85,0,F1,Congruent,Low,0
85,0,F2,Incongruent,Low,0
85,0,F3,Congruent,High,0
85,0,F4,Incongruent,High,2
86,0,F1,Incongruent,Low,0
86,0,F2,Congruent,Low,0
86,0,F3,Incongruent,High,2
86,0,F4,Congruent,High,2
87,1,F1,Incongruent,Low,2
87,1,F2,Congruent,Low,2
87,1,F3,Incongruent,High,2
87,1,F4,Congruent,High,0
89,1,F1,Incongruent,Low,0
89,1,F2,Congruent,Low,0
89,1,F3,Congruent,High,2
89,1,F4,Incongruent,High,2
90,1,F1,Incongruent,Low,0
90,1,F2,Congruent,Low,0
90,1,F3,Incongruent,High,2
90,1,F4,Congruent,High,2
91,1,F1,Incongruent,Low,0
91,1,F2,Congruent,Low,2
91,1,F3,Incongruent,High,0
91,1,F4,Congruent,High,0
92,1,F1,Incongruent,Low,0
92,1,F2,Congruent,Low,0
92,1,F3,Congruent,High,0
92,1,F4,Incongruent,High,2
94,0,F1,Incongruent,Low,1
94,0,F2,Congruent,Low,0
94,0,F3,Congruent,High,2
94,0,F4,Incongruent,High,2
96,1,F1,Incongruent,Low,0
96,1,F2,Congruent,Low,0
96,1,F3,Incongruent,High,2
96,1,F4,Congruent,High,0
97,0,F1,Incongruent,Low,2
97,0,F2,Congruent,Low,0
97,0,F3,Congruent,High,2
97,0,F4,Incongruent,High,1
98,0,F1,Incongruent,Low,2
98,0,F2,Congruent,Low,0
98,0,F3,Congruent,High,0
98,0,F4,Incongruent,High,2
99,1,F1,Congruent,Low,2
99,1,F2,Incongruent,Low,0
99,1,F3,Congruent,High,2
99,1,F4,Incongruent,High,2
101,1,F1,Congruent,Low,0
101,1,F2,Incongruent,Low,0
101,1,F3,Incongruent,High,2
101,1,F4,Congruent,High,0
104,0,F1,Congruent,Low,0
104,0,F2,Incongruent,Low,0
104,0,F3,Congruent,High,2
104,0,F4,Incongruent,High,2
105,1,F1,Incongruent,Low,0
105,1,F2,Congruent,Low,0
105,1,F3,Congruent,High,0
105,1,F4,Incongruent,High,2
106,0,F1,Incongruent,Low,0
106,0,F2,Congruent,Low,0
106,0,F3,Congruent,High,2
106,0,F4,Incongruent,High,2
107,0,F1,Congruent,Low,1
107,0,F2,Incongruent,Low,0
107,0,F3,Congruent,High,0
107,0,F4,Incongruent,High,2
108,1,F1,Incongruent,Low,2
108,1,F2,Congruent,Low,0
108,1,F3,Incongruent,High,0
108,1,F4,Congruent,High,0
109,0,F1,Congruent,Low,0
109,0,F2,Incongruent,Low,0
109,0,F3,Congruent,High,2
109,0,F4,Incongruent,High,0
110,0,F2,Congruent,Low,0
110,0,F3,Incongruent,High,2
110,0,F4,Congruent,High,0
