Participant,Function_Exposure_Treatment,Function,Ambiguity,Congruence,Plot_Match_Scored
4,0,F1,Low,Congruent,0
5,0,F1,Low,Incongruent,0
7,0,F1,Low,Incongruent,0
8,0,F1,Low,Congruent,1
9,0,F1,Low,Congruent,0
12,0,F1,Low,Incongruent,0
13,1,F1,Low,Congruent,1
14,0,F1,Low,Incongruent,0
15,1,F1,Low,Congruent,1
16,0,F1,Low,Incongruent,0
17,0,F1,Low,Congruent,1
19,0,F1,Low,Incongruent,1
21,1,F1,Low,Congruent,1
22,0,F1,Low,Congruent,0
23,0,F1,Low,Congruent,1
27,0,F1,Low,Incongruent,0
28,1,F1,Low,Congruent,1
29,1,F1,Low,Incongruent,1
30,0,F1,Low,Incongruent,0
31,1,F1,Low,Congruent,0
32,1,F1,Low,Congruent,0
33,1,F1,Low,Congruent,1
34,1,F1,Low,Congruent,1
35,1,F1,Low,Incongruent,0
36,0,F1,Low,Congruent,0
38,1,F1,Low,Congruent,1
39,0,F1,Low,Incongruent,0
40,1,F1,Low,Congruent,1
41,1,F1,Low,Incongruent,0
42,1,F1,Low,Congruent,0
44,0,F1,Low,Congruent,0
47,0,F1,Low,Congruent,1
48,0,F1,Low,Congruent,0
49,0,F1,Low,Incongruent,1
50,0,F1,Low,Incongruent,0
51,1,F1,Low,Incongruent,0
52,1,F1,Low,Congruent,1
54,1,F1,Low,Congruent,0
57,0,F1,Low,Incongruent,0
58,1,F1,Low,Incongruent,1
59,1,F1,Low,Congruent,0
61,1,F1,Low,Congruent,1
63,0,F1,Low,Incongruent,0
64,1,F1,Low,Incongruent,0
65,0,F1,Low,Congruent,1
67,0,F1,Low,Incongruent,0
68,0,F1,Low,Congruent,1
71,1,F1,Low,Congruent,0
72,1,F1,Low,Congruent,1
73,0,F1,Low,Incongruent,0
74,0,F1,Low,Congruent,1
81,0,F1,Low,Incongruent,1
82,1,F1,Low,Congruent,1
83,1,F1,Low,Incongruent,0
84,0,F1,Low,Incongruent,0
85,0,F1,Low,Congruent,0
86,0,F1,Low,Incongruent,1
87,1,F1,Low,Incongruent,0
89,1,F1,Low,Incongruent,0
90,1,F1,Low,Incongruent,0
91,1,F1,Low,Incongruent,1
92,1,F1,Low,Incongruent,0
94,0,F1,Low,Incongruent,0
96,1,F1,Low,Incongruent,1
97,0,F1,Low,Incongruent,1
98,0,F1,Low,Incongruent,0
99,1,F1,Low,Congruent,0
101,1,F1,Low,Congruent,0
104,0,F1,Low,Congruent,1
105,1,F1,Low,Incongruent,1
106,0,F1,Low,Incongruent,0
107,0,F1,Low,Congruent,0
108,1,F1,Low,Incongruent,0
109,0,F1,Low,Congruent,1
4,0,F2,Low,Incongruent,0
5,0,F2,Low,Congruent,0
7,0,F2,Low,Congruent,0
9,0,F2,Low,Incongruent,0
12,0,F2,Low,Congruent,0
13,1,F2,Low,Incongruent,0
14,0,F2,Low,Congruent,0
15,1,F2,Low,Incongruent,1
16,0,F2,Low,Congruent,0
17,0,F2,Low,Incongruent,0
19,0,F2,Low,Congruent,1
21,1,F2,Low,Incongruent,0
22,0,F2,Low,Incongruent,0
23,0,F2,Low,Incongruent,0
27,0,F2,Low,Congruent,0
28,1,F2,Low,Incongruent,0
29,1,F2,Low,Congruent,1
30,0,F2,Low,Congruent,0
31,1,F2,Low,Incongruent,0
32,1,F2,Low,Incongruent,0
33,1,F2,Low,Incongruent,0
34,1,F2,Low,Incongruent,0
35,1,F2,Low,Congruent,0
36,0,F2,Low,Incongruent,0
38,1,F2,Low,Incongruent,1
39,0,F2,Low,Congruent,0
40,1,F2,Low,Incongruent,0
41,1,F2,Low,Congruent,0
42,1,F2,Low,Incongruent,0
44,0,F2,Low,Incongruent,0
46,1,F2,Low,Congruent,1
47,0,F2,Low,Incongruent,1
48,0,F2,Low,Incongruent,0
49,0,F2,Low,Congruent,0
50,0,F2,Low,Congruent,0
51,1,F2,Low,Congruent,0
52,1,F2,Low,Incongruent,1
54,1,F2,Low,Incongruent,0
57,0,F2,Low,Congruent,0
58,1,F2,Low,Congruent,1
59,1,F2,Low,Incongruent,0
61,1,F2,Low,Incongruent,0
63,0,F2,Low,Congruent,1
64,1,F2,Low,Congruent,0
65,0,F2,Low,Incongruent,0
67,0,F2,Low,Congruent,0
68,0,F2,Low,Incongruent,1
69,0,F2,Low,Congruent,0
71,1,F2,Low,Incongruent,0
73,0,F2,Low,Congruent,0
74,0,F2,Low,Incongruent,0
77,0,F2,Low,Incongruent,0
81,0,F2,Low,Congruent,0
82,1,F2,Low,Incongruent,1
83,1,F2,Low,Congruent,0
84,0,F2,Low,Congruent,0
85,0,F2,Low,Incongruent,0
86,0,F2,Low,Congruent,0
87,1,F2,Low,Congruent,0
89,1,F2,Low,Congruent,0
90,1,F2,Low,Congruent,0
91,1,F2,Low,Congruent,0
92,1,F2,Low,Congruent,0
94,0,F2,Low,Congruent,0
96,1,F2,Low,Congruent,0
97,0,F2,Low,Congruent,0
98,0,F2,Low,Congruent,0
99,1,F2,Low,Incongruent,1
101,1,F2,Low,Incongruent,0
104,0,F2,Low,Incongruent,0
105,1,F2,Low,Congruent,1
106,0,F2,Low,Congruent,0
107,0,F2,Low,Incongruent,0
108,1,F2,Low,Congruent,0
109,0,F2,Low,Incongruent,0
110,0,F2,Low,Congruent,0
4,0,F3,High,Incongruent,1
5,0,F3,High,Congruent,0
7,0,F3,High,Incongruent,0
9,0,F3,High,Congruent,1
12,0,F3,High,Congruent,0
13,1,F3,High,Incongruent,0
15,1,F3,High,Congruent,1
16,0,F3,High,Incongruent,0
17,0,F3,High,Incongruent,0
19,0,F3,High,Congruent,0
21,1,F3,High,Incongruent,0
22,0,F3,High,Incongruent,0
23,0,F3,High,Congruent,1
27,0,F3,High,Incongruent,0
28,1,F3,High,Congruent,0
29,1,F3,High,Congruent,0
30,0,F3,High,Incongruent,0
31,1,F3,High,Congruent,1
32,1,F3,High,Incongruent,1
33,1,F3,High,Incongruent,0
34,1,F3,High,Incongruent,0
35,1,F3,High,Incongruent,1
36,0,F3,High,Incongruent,0
38,1,F3,High,Incongruent,0
39,0,F3,High,Congruent,0
40,1,F3,High,Congruent,1
41,1,F3,High,Incongruent,1
42,1,F3,High,Incongruent,0
44,0,F3,High,Incongruent,0
46,1,F3,High,Congruent,0
47,0,F3,High,Incongruent,0
48,0,F3,High,Incongruent,0
49,0,F3,High,Congruent,0
50,0,F3,High,Congruent,0
51,1,F3,High,Congruent,0
52,1,F3,High,Congruent,0
54,1,F3,High,Congruent,0
58,1,F3,High,Incongruent,0
59,1,F3,High,Incongruent,0
61,1,F3,High,Incongruent,1
63,0,F3,High,Incongruent,0
64,1,F3,High,Incongruent,0
65,0,F3,High,Congruent,1
67,0,F3,High,Incongruent,0
68,0,F3,High,Incongruent,1
69,0,F3,High,Congruent,0
71,1,F3,High,Incongruent,0
72,1,F3,High,Congruent,0
73,0,F3,High,Congruent,1
74,0,F3,High,Incongruent,0
81,0,F3,High,Congruent,0
82,1,F3,High,Congruent,0
83,1,F3,High,Incongruent,0
84,0,F3,High,Congruent,0
85,0,F3,High,Congruent,1
86,0,F3,High,Incongruent,0
87,1,F3,High,Incongruent,1
89,1,F3,High,Congruent,0
90,1,F3,High,Incongruent,0
91,1,F3,High,Incongruent,0
92,1,F3,High,Congruent,1
94,0,F3,High,Congruent,0
96,1,F3,High,Incongruent,0
97,0,F3,High,Congruent,0
98,0,F3,High,Congruent,0
99,1,F3,High,Congruent,1
101,1,F3,High,Incongruent,0
104,0,F3,High,Congruent,0
105,1,F3,High,Congruent,0
106,0,F3,High,Congruent,0
107,0,F3,High,Congruent,1
108,1,F3,High,Incongruent,0
109,0,F3,High,Congruent,0
110,0,F3,High,Incongruent,0
4,0,F4,High,Congruent,0
5,0,F4,High,Incongruent,0
7,0,F4,High,Congruent,0
8,0,F4,High,Congruent,0
9,0,F4,High,Incongruent,0
12,0,F4,High,Incongruent,0
13,1,F4,High,Congruent,0
15,1,F4,High,Incongruent,0
16,0,F4,High,Congruent,0
17,0,F4,High,Congruent,0
19,0,F4,High,Incongruent,0
21,1,F4,High,Congruent,0
22,0,F4,High,Congruent,0
23,0,F4,High,Incongruent,0
27,0,F4,High,Congruent,0
28,1,F4,High,Incongruent,0
29,1,F4,High,Incongruent,0
30,0,F4,High,Congruent,0
31,1,F4,High,Incongruent,0
32,1,F4,High,Congruent,0
33,1,F4,High,Congruent,0
34,1,F4,High,Congruent,0
35,1,F4,High,Congruent,0
36,0,F4,High,Congruent,0
38,1,F4,High,Congruent,0
39,0,F4,High,Incongruent,0
40,1,F4,High,Incongruent,0
41,1,F4,High,Congruent,0
42,1,F4,High,Congruent,0
44,0,F4,High,Congruent,1
46,1,F4,High,Incongruent,0
47,0,F4,High,Congruent,0
48,0,F4,High,Congruent,0
49,0,F4,High,Incongruent,0
50,0,F4,High,Incongruent,0
51,1,F4,High,Incongruent,0
52,1,F4,High,Incongruent,0
54,1,F4,High,Incongruent,0
58,1,F4,High,Congruent,0
59,1,F4,High,Congruent,0
61,1,F4,High,Congruent,0
63,0,F4,High,Congruent,1
64,1,F4,High,Congruent,0
65,0,F4,High,Incongruent,0
67,0,F4,High,Congruent,0
68,0,F4,High,Congruent,0
69,0,F4,High,Incongruent,0
71,1,F4,High,Congruent,0
72,1,F4,High,Incongruent,0
73,0,F4,High,Incongruent,0
74,0,F4,High,Congruent,0
77,0,F4,High,Congruent,0
81,0,F4,High,Incongruent,0
82,1,F4,High,Incongruent,0
83,1,F4,High,Congruent,0
84,0,F4,High,Incongruent,0
85,0,F4,High,Incongruent,0
86,0,F4,High,Congruent,0
87,1,F4,High,Congruent,0
89,1,F4,High,Incongruent,0
90,1,F4,High,Congruent,0
91,1,F4,High,Congruent,0
92,1,F4,High,Incongruent,0
94,0,F4,High,Incongruent,0
96,1,F4,High,Congruent,0
97,0,F4,High,Incongruent,0
98,0,F4,High,Incongruent,0
99,1,F4,High,Incongruent,0
101,1,F4,High,Congruent,0
104,0,F4,High,Incongruent,0
105,1,F4,High,Incongruent,0
106,0,F4,High,Incongruent,0
107,0,F4,High,Incongruent,0
108,1,F4,High,Congruent,0
109,0,F4,High,Incongruent,0
110,0,F4,High,Congruent,0
