Participant,Function_Exposure_Treatment,Function,Strong_Preference,Plot_Match_Scored
4,0,F5,Yes,0
5,0,F5,Yes,0
7,0,F5,Yes,0
8,0,F5,Yes,1
9,0,F5,Yes,0
12,0,F5,Yes,0
14,0,F5,Yes,0
15,1,F5,Yes,0
16,0,F5,Yes,0
17,0,F5,Yes,1
19,0,F5,Yes,0
21,1,F5,Yes,1
22,0,F5,Yes,0
23,0,F5,Yes,0
27,0,F5,Yes,0
28,1,F5,Yes,0
29,1,F5,Yes,0
30,0,F5,Yes,0
31,1,F5,Yes,1
32,1,F5,Yes,0
33,1,F5,Yes,0
34,1,F5,Yes,0
35,1,F5,Yes,1
36,0,F5,Yes,1
38,1,F5,Yes,1
39,0,F5,Yes,0
40,1,F5,Yes,0
41,1,F5,Yes,0
42,1,F5,Yes,1
44,0,F5,Yes,0
47,0,F5,Yes,0
48,0,F5,Yes,0
49,0,F5,Yes,0
50,0,F5,Yes,0
51,1,F5,Yes,0
52,1,F5,Yes,0
54,1,F5,Yes,0
57,0,F5,Yes,0
58,1,F5,Yes,0
59,1,F5,Yes,1
61,1,F5,Yes,0
63,0,F5,Yes,0
64,1,F5,Yes,0
65,0,F5,Yes,1
67,0,F5,Yes,0
68,0,F5,Yes,0
69,0,F5,Yes,0
72,1,F5,Yes,0
73,0,F5,Yes,0
74,0,F5,Yes,0
77,0,F5,Yes,1
81,0,F5,Yes,0
82,1,F5,Yes,0
83,1,F5,Yes,0
84,0,F5,Yes,0
85,0,F5,Yes,0
86,0,F5,Yes,0
87,1,F5,Yes,0
89,1,F5,Yes,0
90,1,F5,Yes,0
91,1,F5,Yes,0
92,1,F5,Yes,0
94,0,F5,Yes,0
96,1,F5,Yes,0
97,0,F5,Yes,0
98,0,F5,Yes,0
99,1,F5,Yes,1
101,1,F5,Yes,0
104,0,F5,Yes,0
105,1,F5,Yes,0
106,0,F5,Yes,0
107,0,F5,Yes,0
108,1,F5,Yes,0
109,0,F5,Yes,0
110,0,F5,Yes,0
4,0,F6,Yes,1
5,0,F6,Yes,0
7,0,F6,Yes,0
8,0,F6,Yes,0
9,0,F6,Yes,0
12,0,F6,Yes,0
13,1,F6,Yes,0
14,0,F6,Yes,0
15,1,F6,Yes,0
16,0,F6,Yes,0
17,0,F6,Yes,0
19,0,F6,Yes,0
21,1,F6,Yes,1
22,0,F6,Yes,0
23,0,F6,Yes,0
27,0,F6,Yes,0
28,1,F6,Yes,0
29,1,F6,Yes,0
30,0,F6,Yes,0
31,1,F6,Yes,0
32,1,F6,Yes,0
33,1,F6,Yes,0
34,1,F6,Yes,0
35,1,F6,Yes,0
36,0,F6,Yes,1
38,1,F6,Yes,0
39,0,F6,Yes,0
40,1,F6,Yes,1
41,1,F6,Yes,0
42,1,F6,Yes,0
44,0,F6,Yes,0
46,1,F6,Yes,0
47,0,F6,Yes,0
48,0,F6,Yes,0
49,0,F6,Yes,0
50,0,F6,Yes,1
51,1,F6,Yes,0
52,1,F6,Yes,0
54,1,F6,Yes,0
57,0,F6,Yes,0
58,1,F6,Yes,0
59,1,F6,Yes,0
61,1,F6,Yes,0
63,0,F6,Yes,0
64,1,F6,Yes,0
65,0,F6,Yes,0
67,0,F6,Yes,0
68,0,F6,Yes,0
69,0,F6,Yes,0
72,1,F6,Yes,0
73,0,F6,Yes,0
74,0,F6,Yes,0
77,0,F6,Yes,0
81,0,F6,Yes,0
82,1,F6,Yes,0
83,1,F6,Yes,0
84,0,F6,Yes,0
85,0,F6,Yes,0
86,0,F6,Yes,0
87,1,F6,Yes,0
89,1,F6,Yes,0
90,1,F6,Yes,0
91,1,F6,Yes,1
92,1,F6,Yes,0
94,0,F6,Yes,0
96,1,F6,Yes,0
97,0,F6,Yes,0
98,0,F6,Yes,0
99,1,F6,Yes,0
101,1,F6,Yes,0
104,0,F6,Yes,0
105,1,F6,Yes,0
106,0,F6,Yes,0
107,0,F6,Yes,1
108,1,F6,Yes,0
109,0,F6,Yes,0
