Participant,Function,Congruence,Ambiguity,Judgment_Accuracy
3,F1,Incongruent,Low,0
3,F2,Neutral,Low,0
3,F3,Incongruent,High,2
3,F4,Neutral,High,0
5,F1,Incongruent,Low,2
5,F2,Neutral,Low,0
5,F3,Neutral,High,2
5,F4,Incongruent,High,2
6,F1,Incongruent,Low,0
6,F2,Neutral,Low,0
6,F3,Incongruent,High,2
6,F4,Neutral,High,1
7,F1,Congruent,Low,0
7,F2,Congruent,Low,0
7,F3,Neutral,High,2
7,F4,Neutral,High,2
9,F1,Incongruent,Low,0
9,F2,Neutral,Low,1
9,F3,Incongruent,High,0
9,F4,Incongruent,High,0
11,F1,Neutral,Low,0
11,F2,Congruent,Low,0
11,F3,Neutral,High,0
11,F4,Congruent,High,0
12,F1,Neutral,Low,0
12,F2,Neutral,Low,0
12,F3,Neutral,High,2
12,F4,Incongruent,High,2
15,F1,Neutral,Low,0
15,F2,Neutral,Low,0
15,F3,Neutral,High,2
15,F4,Neutral,High,2
17,F1,Neutral,Low,2
17,F2,Incongruent,Low,2
17,F3,Congruent,High,0
17,F4,Neutral,High,2
18,F1,Incongruent,Low,0
18,F2,Congruent,Low,0
18,F3,Neutral,High,0
18,F4,Congruent,High,0
19,F1,Congruent,Low,0
19,F2,Neutral,Low,0
19,F3,Incongruent,High,2
19,F4,Neutral,High,2
20,F1,Neutral,Low,0
20,F2,Neutral,Low,0
20,F3,Neutral,High,0
20,F4,Incongruent,High,2
21,F1,Neutral,Low,2
21,F2,Incongruent,Low,2
21,F3,Incongruent,High,2
21,F4,Neutral,High,2
22,F1,Neutral,Low,1
22,F2,Neutral,Low,0
22,F3,Incongruent,High,2
22,F4,Incongruent,High,2
24,F1,Incongruent,Low,0
24,F2,Congruent,Low,0
24,F3,Neutral,High,2
24,F4,Neutral,High,2
25,F1,Incongruent,Low,0
25,F2,Congruent,Low,0
25,F3,Neutral,High,2
25,F4,Congruent,High,2
26,F1,Neutral,Low,0
26,F2,Congruent,Low,2
26,F3,Congruent,High,0
26,F4,Incongruent,High,2
29,F1,Incongruent,Low,0
29,F2,Neutral,Low,0
29,F3,Neutral,High,2
29,F4,Neutral,High,2
33,F1,Congruent,Low,0
33,F2,Incongruent,Low,0
33,F3,Neutral,High,2
33,F4,Neutral,High,0
34,F1,Incongruent,Low,1
34,F2,Incongruent,Low,0
34,F3,Neutral,High,0
34,F4,Incongruent,High,2
36,F1,Congruent,Low,0
36,F2,Neutral,Low,0
36,F3,Congruent,High,2
36,F4,Neutral,High,2
37,F1,Congruent,Low,0
37,F2,Neutral,Low,0
37,F3,Congruent,High,2
37,F4,Neutral,High,0
39,F1,Neutral,Low,0
39,F2,Incongruent,Low,0
39,F3,Incongruent,High,2
39,F4,Neutral,High,2
40,F1,Incongruent,Low,2
40,F2,Neutral,Low,0
40,F3,Neutral,High,2
40,F4,Incongruent,High,2
41,F1,Congruent,Low,0
41,F2,Neutral,Low,0
41,F3,Neutral,High,2
41,F4,Congruent,High,2
42,F1,Neutral,Low,0
42,F2,Congruent,Low,0
42,F3,Incongruent,High,2
42,F4,Congruent,High,2
43,F1,Congruent,Low,0
43,F2,Neutral,Low,0
43,F3,Congruent,High,2
43,F4,Neutral,High,2
44,F1,Neutral,Low,0
44,F2,Congruent,Low,0
44,F3,Neutral,High,2
44,F4,Neutral,High,2
45,F1,Incongruent,Low,0
45,F2,Neutral,Low,0
45,F3,Neutral,High,2
45,F4,Congruent,High,0
48,F1,Congruent,Low,0
48,F2,Incongruent,Low,0
48,F3,Neutral,High,2
48,F4,Neutral,High,2
50,F1,Neutral,Low,0
50,F2,Congruent,Low,0
50,F3,Congruent,High,2
50,F4,Congruent,High,2
51,F1,Incongruent,Low,2
51,F2,Neutral,Low,0
51,F3,Incongruent,High,2
51,F4,Neutral,High,2
53,F1,Neutral,Low,0
53,F2,Congruent,Low,0
53,F3,Neutral,High,2
53,F4,Incongruent,High,2
54,F1,Incongruent,Low,0
54,F2,Congruent,Low,0
54,F3,Neutral,High,2
54,F4,Neutral,High,2
55,F1,Congruent,Low,0
55,F2,Neutral,Low,0
55,F3,Neutral,High,2
55,F4,Incongruent,High,2
56,F1,Neutral,Low,0
56,F2,Incongruent,Low,0
56,F3,Incongruent,High,0
56,F4,Neutral,High,0
57,F1,Neutral,Low,2
57,F2,Neutral,Low,1
57,F3,Incongruent,High,0
57,F4,Neutral,High,0
58,F1,Congruent,Low,0
58,F2,Neutral,Low,0
58,F3,Congruent,High,0
58,F4,Neutral,High,0
59,F1,Neutral,Low,0
59,F2,Incongruent,Low,2
59,F3,Neutral,High,2
59,F4,Congruent,High,0
61,F1,Neutral,Low,0
61,F2,Incongruent,Low,0
61,F3,Neutral,High,2
61,F4,Incongruent,High,2
62,F1,Neutral,Low,0
62,F2,Neutral,Low,0
62,F3,Congruent,High,2
62,F4,Congruent,High,0
63,F1,Congruent,Low,0
63,F2,Neutral,Low,0
63,F3,Neutral,High,2
63,F4,Neutral,High,2
64,F1,Incongruent,Low,0
64,F2,Incongruent,Low,0
64,F3,Neutral,High,2
64,F4,Neutral,High,2
67,F1,Congruent,Low,0
67,F2,Incongruent,Low,0
67,F3,Neutral,High,2
67,F4,Neutral,High,2
68,F1,Neutral,Low,0
68,F2,Incongruent,Low,0
68,F3,Incongruent,High,2
68,F4,Incongruent,High,2
69,F1,Neutral,Low,0
69,F2,Incongruent,Low,0
69,F3,Neutral,High,2
69,F4,Neutral,High,2
73,F1,Congruent,Low,0
73,F2,Neutral,Low,0
73,F3,Congruent,High,0
73,F4,Incongruent,High,0
74,F1,Neutral,Low,0
74,F2,Congruent,Low,0
74,F3,Neutral,High,2
74,F4,Neutral,High,2
76,F1,Congruent,Low,0
76,F2,Congruent,Low,0
76,F3,Congruent,High,2
76,F4,Neutral,High,2
77,F1,Neutral,Low,0
77,F2,Neutral,Low,1
77,F3,Congruent,High,2
77,F4,Incongruent,High,2
78,F1,Congruent,Low,0
78,F2,Incongruent,Low,0
78,F3,Neutral,High,0
78,F4,Incongruent,High,2
79,F1,Congruent,Low,0
79,F2,Neutral,Low,0
79,F3,Congruent,High,2
79,F4,Congruent,High,2
81,F1,Neutral,Low,0
81,F2,Neutral,Low,0
81,F3,Congruent,High,2
81,F4,Congruent,High,2
83,F1,Congruent,Low,0
83,F2,Neutral,Low,0
83,F3,Incongruent,High,2
83,F4,Neutral,High,0
85,F1,Incongruent,Low,0
85,F2,Neutral,Low,0
85,F3,Incongruent,High,2
85,F4,Neutral,High,2
86,F1,Congruent,Low,0
86,F2,Neutral,Low,0
86,F3,Neutral,High,0
86,F4,Incongruent,High,2
87,F1,Incongruent,Low,0
87,F2,Congruent,Low,0
87,F3,Neutral,High,2
87,F4,Congruent,High,2
88,F1,Incongruent,Low,0
88,F2,Incongruent,Low,2
88,F3,Congruent,High,2
88,F4,Neutral,High,2
91,F1,Neutral,Low,1
91,F2,Neutral,Low,1
91,F3,Incongruent,High,1
91,F4,Neutral,High,2
92,F1,Neutral,Low,0
92,F2,Congruent,Low,0
92,F3,Incongruent,High,2
92,F4,Neutral,High,2
93,F1,Congruent,Low,0
93,F2,Neutral,Low,2
93,F3,Neutral,High,2
93,F4,Neutral,High,0
94,F1,Neutral,Low,0
94,F2,Neutral,Low,0
94,F3,Incongruent,High,2
94,F4,Congruent,High,2
95,F1,Incongruent,Low,0
95,F2,Incongruent,Low,0
95,F3,Incongruent,High,2
95,F4,Neutral,High,2
97,F1,Neutral,Low,0
97,F2,Incongruent,Low,0
97,F3,Incongruent,High,2
97,F4,Neutral,High,2
98,F1,Congruent,Low,0
98,F2,Neutral,Low,0
98,F3,Neutral,High,2
98,F4,Incongruent,High,1
99,F1,Neutral,Low,1
99,F2,Congruent,Low,0
99,F3,Incongruent,High,2
99,F4,Neutral,High,2
101,F1,Congruent,Low,0
101,F2,Neutral,Low,0
101,F3,Congruent,High,0
101,F4,Incongruent,High,0
102,F1,Neutral,Low,1
102,F2,Congruent,Low,0
102,F3,Congruent,High,0
102,F4,Neutral,High,2
103,F1,Neutral,Low,0
103,F2,Congruent,Low,0
103,F3,Neutral,High,2
103,F4,Congruent,High,2
104,F1,Congruent,Low,0
104,F2,Neutral,Low,2
104,F3,Neutral,High,0
104,F4,Incongruent,High,2
105,F1,Neutral,Low,1
105,F2,Neutral,Low,1
105,F3,Congruent,High,0
105,F4,Neutral,High,0
106,F1,Incongruent,Low,1
106,F2,Incongruent,Low,2
106,F3,Neutral,High,2
106,F4,Neutral,High,1
107,F1,Incongruent,Low,0
107,F2,Incongruent,Low,1
107,F3,Neutral,High,2
107,F4,Neutral,High,2
108,F1,Neutral,Low,1
108,F2,Incongruent,Low,2
108,F3,Neutral,High,1
108,F4,Incongruent,High,2
112,F1,Neutral,Low,0
112,F2,Congruent,Low,0
112,F3,Neutral,High,2
112,F4,Neutral,High,2
113,F1,Incongruent,Low,0
113,F2,Neutral,Low,0
113,F3,Neutral,High,2
113,F4,Congruent,High,2
116,F1,Congruent,Low,0
116,F2,Neutral,Low,0
116,F3,Neutral,High,2
116,F4,Neutral,High,2
117,F1,Neutral,Low,0
117,F2,Neutral,Low,0
117,F3,Neutral,High,2
117,F4,Incongruent,High,2
118,F1,Congruent,Low,0
118,F2,Congruent,Low,0
118,F3,Neutral,High,2
118,F4,Neutral,High,2
119,F1,Incongruent,Low,2
119,F2,Neutral,Low,2
119,F3,Incongruent,High,2
119,F4,Neutral,High,2
120,F1,Incongruent,Low,0
120,F2,Congruent,Low,0
120,F3,Incongruent,High,2
120,F4,Neutral,High,2
121,F1,Neutral,Low,1
121,F2,Neutral,Low,0
121,F3,Incongruent,High,2
121,F4,Congruent,High,2
125,F1,Congruent,Low,0
125,F2,Neutral,Low,0
125,F3,Incongruent,High,2
125,F4,Neutral,High,2
126,F1,Neutral,Low,2
126,F2,Incongruent,Low,2
126,F3,Congruent,High,2
126,F4,Incongruent,High,2
127,F1,Neutral,Low,0
127,F2,Congruent,Low,0
127,F3,Neutral,High,2
127,F4,Neutral,High,2
129,F1,Neutral,Low,0
129,F2,Neutral,Low,0
129,F3,Congruent,High,0
129,F4,Neutral,High,0
131,F1,Neutral,Low,0
131,F2,Neutral,Low,0
131,F3,Neutral,High,2
131,F4,Congruent,High,2
132,F1,Incongruent,Low,2
132,F2,Incongruent,Low,2
132,F3,Neutral,High,2
132,F4,Neutral,High,2
135,F1,Congruent,Low,0
135,F2,Neutral,Low,0
135,F3,Neutral,High,2
135,F4,Neutral,High,2
137,F1,Neutral,Low,0
137,F2,Neutral,Low,1
137,F3,Incongruent,High,2
137,F4,Incongruent,High,2
143,F1,Congruent,Low,0
143,F2,Congruent,Low,0
143,F3,Neutral,High,2
143,F4,Congruent,High,1
144,F1,Neutral,Low,0
144,F2,Incongruent,Low,0
144,F3,Incongruent,High,1
144,F4,Congruent,High,2
146,F1,Neutral,Low,0
146,F2,Neutral,Low,0
146,F3,Incongruent,High,2
146,F4,Neutral,High,2
148,F1,Neutral,Low,0
148,F2,Incongruent,Low,0
148,F3,Neutral,High,0
148,F4,Neutral,High,0
149,F1,Neutral,Low,1
149,F2,Congruent,Low,1
149,F3,Incongruent,High,2
149,F4,Neutral,High,1
150,F1,Incongruent,Low,2
150,F2,Neutral,Low,0
150,F3,Neutral,High,2
150,F4,Incongruent,High,2
153,F1,Neutral,Low,0
153,F2,Congruent,Low,0
153,F3,Neutral,High,2
153,F4,Incongruent,High,2
154,F1,Congruent,Low,2
154,F2,Neutral,Low,0
154,F3,Neutral,High,0
154,F4,Neutral,High,0
155,F1,Congruent,Low,0
155,F2,Neutral,Low,0
155,F3,Neutral,High,2
155,F4,Incongruent,High,2
157,F1,Neutral,Low,0
157,F2,Neutral,Low,0
157,F3,Incongruent,High,2
157,F4,Neutral,High,1
158,F1,Neutral,Low,0
158,F2,Incongruent,Low,0
158,F3,Congruent,High,2
158,F4,Congruent,High,2
159,F1,Neutral,Low,0
159,F2,Incongruent,Low,2
159,F3,Neutral,High,2
159,F4,Congruent,High,0
160,F1,Incongruent,Low,0
160,F2,Congruent,Low,0
160,F3,Neutral,High,0
160,F4,Incongruent,High,2
161,F1,Neutral,Low,0
161,F2,Congruent,Low,0
161,F3,Neutral,High,2
161,F4,Incongruent,High,2
162,F1,Neutral,Low,0
162,F2,Congruent,Low,2
162,F3,Neutral,High,0
162,F4,Neutral,High,0
164,F1,Neutral,Low,0
164,F2,Congruent,Low,0
164,F3,Congruent,High,0
164,F4,Congruent,High,0
165,F1,Incongruent,Low,0
165,F2,Incongruent,Low,0
165,F3,Congruent,High,2
165,F4,Neutral,High,2
166,F1,Neutral,Low,0
166,F2,Incongruent,Low,0
166,F3,Neutral,High,1
166,F4,Neutral,High,1
167,F1,Congruent,Low,0
167,F2,Neutral,Low,0
167,F3,Incongruent,High,2
167,F4,Congruent,High,2
168,F1,Neutral,Low,0
168,F2,Congruent,Low,0
168,F3,Neutral,High,2
168,F4,Congruent,High,2
169,F1,Neutral,Low,2
169,F2,Neutral,Low,0
169,F3,Neutral,High,2
169,F4,Congruent,High,2
170,F1,Neutral,Low,0
170,F2,Neutral,Low,0
170,F3,Incongruent,High,2
170,F4,Congruent,High,1
171,F1,Neutral,Low,0
171,F2,Neutral,Low,0
171,F3,Incongruent,High,2
171,F4,Congruent,High,2
172,F1,Neutral,Low,2
172,F2,Neutral,Low,0
172,F3,Neutral,High,1
172,F4,Incongruent,High,2
173,F1,Neutral,Low,0
173,F2,Congruent,Low,0
173,F3,Incongruent,High,0
173,F4,Congruent,High,2
174,F1,Congruent,Low,0
174,F2,Neutral,Low,0
174,F3,Neutral,High,2
174,F4,Incongruent,High,2
175,F1,Neutral,Low,0
175,F2,Incongruent,Low,0
175,F3,Congruent,High,0
175,F4,Incongruent,High,0
176,F1,Incongruent,Low,0
176,F2,Neutral,Low,0
176,F3,Incongruent,High,2
176,F4,Neutral,High,1
177,F1,Neutral,Low,0
177,F2,Neutral,Low,0
177,F3,Incongruent,High,2
177,F4,Incongruent,High,2
178,F1,Neutral,Low,0
178,F2,Congruent,Low,0
178,F3,Neutral,High,2
178,F4,Incongruent,High,2
179,F1,Incongruent,Low,0
179,F2,Neutral,Low,0
179,F3,Neutral,High,2
179,F4,Neutral,High,2
180,F1,Neutral,Low,1
180,F2,Neutral,Low,1
180,F3,Incongruent,High,2
180,F4,Congruent,High,2
181,F1,Incongruent,Low,0
181,F2,Neutral,Low,0
181,F3,Neutral,High,2
181,F4,Neutral,High,2
183,F1,Neutral,Low,0
183,F2,Congruent,Low,0
183,F3,Incongruent,High,2
183,F4,Neutral,High,2
184,F1,Congruent,Low,0
184,F2,Neutral,Low,1
184,F3,Congruent,High,0
184,F4,Neutral,High,1
185,F1,Incongruent,Low,2
185,F2,Incongruent,Low,0
185,F3,Neutral,High,1
185,F4,Neutral,High,2
186,F1,Neutral,Low,1
186,F2,Congruent,Low,2
186,F3,Neutral,High,2
186,F4,Neutral,High,2
187,F1,Congruent,Low,0
187,F2,Neutral,Low,0
187,F3,Neutral,High,0
187,F4,Congruent,High,2
189,F1,Neutral,Low,0
189,F2,Congruent,Low,0
189,F3,Incongruent,High,2
189,F4,Neutral,High,2
191,F1,Neutral,Low,0
191,F2,Congruent,Low,0
191,F3,Incongruent,High,2
191,F4,Neutral,High,2
196,F1,Congruent,Low,0
196,F2,Incongruent,Low,2
196,F3,Neutral,High,2
196,F4,Congruent,High,0
197,F1,Incongruent,Low,0
197,F2,Incongruent,Low,0
197,F3,Neutral,High,2
197,F4,Neutral,High,2
198,F1,Incongruent,Low,0
198,F2,Incongruent,Low,0
198,F3,Congruent,High,2
198,F4,Neutral,High,2
199,F1,Neutral,Low,0
199,F2,Neutral,Low,0
199,F3,Neutral,High,2
199,F4,Congruent,High,2
200,F1,Incongruent,Low,0
200,F2,Incongruent,Low,2
200,F3,Neutral,High,2
200,F4,Neutral,High,0
201,F1,Neutral,Low,2
201,F2,Incongruent,Low,2
201,F3,Neutral,High,0
201,F4,Congruent,High,0
203,F1,Incongruent,Low,0
203,F2,Incongruent,Low,0
203,F3,Neutral,High,2
203,F4,Neutral,High,0
204,F1,Neutral,Low,0
204,F2,Incongruent,Low,2
204,F3,Neutral,High,0
204,F4,Neutral,High,0
205,F1,Neutral,Low,1
205,F2,Congruent,Low,0
205,F3,Incongruent,High,2
205,F4,Neutral,High,0
206,F1,Congruent,Low,0
206,F2,Incongruent,Low,0
206,F3,Neutral,High,0
206,F4,Neutral,High,2
208,F1,Neutral,Low,0
208,F2,Congruent,Low,0
208,F3,Congruent,High,2
208,F4,Neutral,High,2
209,F1,Neutral,Low,0
209,F2,Incongruent,Low,2
209,F3,Neutral,High,2
209,F4,Neutral,High,0
211,F1,Incongruent,Low,0
211,F2,Neutral,Low,0
211,F3,Incongruent,High,2
211,F4,Incongruent,High,2
212,F1,Incongruent,Low,2
212,F2,Incongruent,Low,2
212,F3,Neutral,High,0
212,F4,Congruent,High,2
213,F1,Neutral,Low,2
213,F2,Incongruent,Low,0
213,F3,Neutral,High,0
213,F4,Incongruent,High,2
215,F1,Incongruent,Low,0
215,F2,Neutral,Low,0
215,F3,Neutral,High,0
215,F4,Neutral,High,0
216,F1,Neutral,Low,0
216,F2,Incongruent,Low,0
216,F3,Incongruent,High,2
216,F4,Incongruent,High,2
217,F1,Neutral,Low,0
217,F2,Incongruent,Low,0
217,F3,Congruent,High,2
217,F4,Neutral,High,2
219,F1,Incongruent,Low,0
219,F2,Neutral,Low,0
219,F3,Congruent,High,2
219,F4,Neutral,High,2
220,F1,Congruent,Low,0
220,F2,Congruent,Low,0
220,F3,Incongruent,High,2
220,F4,Neutral,High,1
221,F1,Neutral,Low,0
221,F2,Neutral,Low,0
221,F3,Neutral,High,2
221,F4,Congruent,High,2
224,F1,Congruent,Low,0
224,F2,Congruent,Low,0
224,F3,Neutral,High,2
224,F4,Neutral,High,2
225,F1,Neutral,Low,1
225,F2,Neutral,Low,0
225,F3,Congruent,High,0
225,F4,Neutral,High,2
228,F1,Congruent,Low,0
228,F2,Neutral,Low,0
228,F3,Neutral,High,2
228,F4,Incongruent,High,2
229,F1,Congruent,Low,0
229,F2,Neutral,Low,0
229,F3,Incongruent,High,2
229,F4,Neutral,High,2
231,F1,Congruent,Low,0
231,F2,Neutral,Low,0
231,F3,Congruent,High,2
231,F4,Neutral,High,2
232,F1,Neutral,Low,0
232,F2,Neutral,Low,0
232,F3,Congruent,High,2
232,F4,Neutral,High,2
233,F1,Congruent,Low,0
233,F2,Congruent,Low,0
233,F3,Neutral,High,0
233,F4,Neutral,High,2
234,F1,Neutral,Low,0
234,F2,Congruent,Low,0
234,F3,Neutral,High,2
234,F4,Incongruent,High,2
235,F1,Incongruent,Low,2
235,F2,Congruent,Low,0
235,F3,Neutral,High,0
235,F4,Incongruent,High,2
236,F1,Neutral,Low,0
236,F2,Neutral,Low,0
236,F3,Congruent,High,0
236,F4,Neutral,High,2
237,F1,Incongruent,Low,0
237,F2,Incongruent,Low,2
237,F3,Neutral,High,2
237,F4,Neutral,High,0
239,F1,Neutral,Low,0
239,F2,Incongruent,Low,0
239,F3,Incongruent,High,2
239,F4,Neutral,High,2
240,F1,Neutral,Low,0
240,F2,Neutral,Low,0
240,F3,Congruent,High,2
240,F4,Neutral,High,2
242,F1,Neutral,Low,0
242,F2,Congruent,Low,0
242,F3,Congruent,High,2
242,F4,Neutral,High,2
243,F1,Neutral,Low,0
243,F2,Neutral,Low,0
243,F3,Neutral,High,2
243,F4,Congruent,High,0
244,F1,Congruent,Low,0
244,F2,Neutral,Low,0
244,F3,Incongruent,High,2
244,F4,Neutral,High,2
245,F1,Neutral,Low,0
245,F2,Incongruent,Low,0
245,F3,Incongruent,High,2
245,F4,Neutral,High,0
246,F1,Neutral,Low,2
246,F2,Neutral,Low,2
246,F3,Neutral,High,0
246,F4,Congruent,High,0
247,F1,Neutral,Low,0
247,F2,Neutral,Low,1
247,F3,Incongruent,High,2
247,F4,Congruent,High,2
249,F1,Neutral,Low,0
249,F2,Incongruent,Low,2
249,F3,Incongruent,High,2
249,F4,Congruent,High,0
250,F1,Neutral,Low,0
250,F2,Neutral,Low,0
250,F3,Neutral,High,0
250,F4,Neutral,High,2
251,F1,Neutral,Low,0
251,F2,Neutral,Low,0
251,F3,Neutral,High,2
251,F4,Incongruent,High,2
252,F1,Incongruent,Low,0
252,F2,Congruent,Low,0
252,F3,Incongruent,High,0
252,F4,Neutral,High,2
254,F1,Neutral,Low,0
254,F2,Incongruent,Low,0
254,F3,Incongruent,High,2
254,F4,Incongruent,High,2
255,F1,Neutral,Low,0
255,F2,Incongruent,Low,0
255,F3,Incongruent,High,2
255,F4,Congruent,High,2
259,F1,Incongruent,Low,0
259,F2,Incongruent,Low,0
259,F3,Neutral,High,0
259,F4,Neutral,High,0
260,F1,Incongruent,Low,0
260,F2,Neutral,Low,0
260,F3,Neutral,High,2
260,F4,Neutral,High,2
262,F1,Incongruent,Low,1
262,F2,Neutral,Low,0
262,F3,Neutral,High,0
262,F4,Incongruent,High,2
263,F1,Incongruent,Low,2
263,F2,Congruent,Low,0
263,F3,Incongruent,High,2
263,F4,Congruent,High,0
264,F1,Incongruent,Low,2
264,F2,Incongruent,Low,2
264,F3,Neutral,High,0
264,F4,Neutral,High,2
265,F1,Neutral,Low,0
265,F2,Incongruent,Low,0
265,F3,Neutral,High,2
265,F4,Incongruent,High,2
270,F1,Neutral,Low,0
270,F2,Neutral,Low,1
270,F3,Congruent,High,2
270,F4,Neutral,High,0
271,F1,Neutral,Low,2
271,F2,Congruent,Low,0
271,F3,Neutral,High,0
271,F4,Congruent,High,0
272,F1,Congruent,Low,0
272,F2,Neutral,Low,0
272,F3,Neutral,High,2
272,F4,Congruent,High,2
274,F1,Incongruent,Low,0
274,F2,Neutral,Low,0
274,F3,Neutral,High,0
274,F4,Incongruent,High,0
275,F1,Congruent,Low,0
275,F2,Neutral,Low,0
275,F3,Neutral,High,2
275,F4,Neutral,High,2
277,F1,Neutral,Low,0
277,F2,Neutral,Low,0
277,F3,Congruent,High,1
277,F4,Neutral,High,0
278,F1,Neutral,Low,1
278,F2,Incongruent,Low,2
278,F3,Incongruent,High,2
278,F4,Neutral,High,1
280,F1,Incongruent,Low,2
280,F2,Neutral,Low,0
280,F3,Neutral,High,0
280,F4,Neutral,High,0
282,F1,Neutral,Low,0
282,F2,Incongruent,Low,0
282,F3,Congruent,High,2
282,F4,Incongruent,High,2
284,F1,Neutral,Low,0
284,F2,Congruent,Low,0
284,F3,Neutral,High,2
284,F4,Incongruent,High,2
285,F1,Neutral,Low,1
285,F2,Incongruent,Low,2
285,F3,Neutral,High,2
285,F4,Incongruent,High,2
287,F1,Incongruent,Low,0
287,F2,Neutral,Low,2
287,F3,Congruent,High,2
287,F4,Neutral,High,1
288,F1,Neutral,Low,0
288,F2,Congruent,Low,0
288,F3,Neutral,High,2
288,F4,Congruent,High,2
289,F1,Neutral,Low,0
289,F2,Incongruent,Low,2
289,F3,Incongruent,High,2
289,F4,Neutral,High,2
290,F1,Neutral,Low,0
290,F2,Incongruent,Low,0
290,F3,Neutral,High,2
290,F4,Incongruent,High,2
291,F1,Neutral,Low,0
291,F2,Congruent,Low,0
291,F3,Incongruent,High,2
291,F4,Neutral,High,0
292,F1,Neutral,Low,0
292,F2,Congruent,Low,0
292,F3,Congruent,High,0
292,F4,Neutral,High,0
295,F1,Neutral,Low,0
295,F2,Neutral,Low,0
295,F3,Congruent,High,2
295,F4,Congruent,High,2
297,F1,Neutral,Low,0
297,F2,Congruent,Low,0
297,F3,Neutral,High,2
297,F4,Congruent,High,0
299,F1,Incongruent,Low,0
299,F2,Congruent,Low,0
299,F3,Incongruent,High,2
299,F4,Congruent,High,2
300,F1,Neutral,Low,0
300,F2,Neutral,Low,0
300,F3,Congruent,High,2
300,F4,Incongruent,High,2
301,F1,Neutral,Low,0
301,F2,Incongruent,Low,2
301,F3,Congruent,High,2
301,F4,Congruent,High,0
302,F1,Neutral,Low,0
302,F2,Neutral,Low,0
302,F3,Incongruent,High,2
302,F4,Incongruent,High,2
304,F1,Neutral,Low,0
304,F2,Neutral,Low,0
304,F3,Neutral,High,2
304,F4,Congruent,High,2
305,F1,Incongruent,Low,0
305,F2,Neutral,Low,0
305,F3,Incongruent,High,2
305,F4,Congruent,High,2
308,F1,Congruent,Low,0
308,F2,Neutral,Low,1
308,F3,Congruent,High,0
308,F4,Neutral,High,0
309,F1,Incongruent,Low,0
309,F2,Neutral,Low,0
309,F3,Neutral,High,2
309,F4,Incongruent,High,2
310,F1,Congruent,Low,0
310,F2,Neutral,Low,0
310,F3,Neutral,High,2
310,F4,Congruent,High,2
311,F1,Neutral,Low,0
311,F2,Neutral,Low,0
311,F3,Congruent,High,2
311,F4,Congruent,High,2
312,F1,Neutral,Low,0
312,F2,Congruent,Low,0
312,F3,Incongruent,High,2
312,F4,Neutral,High,2
313,F1,Neutral,Low,2
313,F2,Congruent,Low,0
313,F3,Neutral,High,2
313,F4,Congruent,High,0
314,F1,Neutral,Low,0
314,F2,Incongruent,Low,0
314,F3,Incongruent,High,2
314,F4,Neutral,High,2
317,F1,Neutral,Low,0
317,F2,Congruent,Low,0
317,F3,Neutral,High,0
317,F4,Congruent,High,0
318,F1,Neutral,Low,1
318,F2,Neutral,Low,0
318,F3,Neutral,High,1
318,F4,Congruent,High,0
320,F1,Incongruent,Low,1
320,F2,Congruent,Low,0
320,F3,Neutral,High,2
320,F4,Neutral,High,2
326,F1,Incongruent,Low,2
326,F2,Neutral,Low,1
326,F3,Neutral,High,1
326,F4,Congruent,High,0
327,F1,Neutral,Low,0
327,F2,Incongruent,Low,0
327,F3,Neutral,High,2
327,F4,Incongruent,High,0
328,F1,Incongruent,Low,0
328,F2,Neutral,Low,2
328,F3,Congruent,High,2
328,F4,Neutral,High,1
332,F1,Congruent,Low,0
332,F2,Incongruent,Low,0
332,F3,Neutral,High,2
332,F4,Neutral,High,2
333,F1,Congruent,Low,0
333,F2,Neutral,Low,0
333,F3,Neutral,High,2
333,F4,Incongruent,High,2
335,F1,Neutral,Low,0
335,F2,Congruent,Low,0
335,F3,Congruent,High,2
335,F4,Neutral,High,0
336,F1,Neutral,Low,2
336,F2,Congruent,Low,0
336,F3,Incongruent,High,2
336,F4,Congruent,High,2
338,F1,Neutral,Low,0
338,F2,Incongruent,Low,0
338,F3,Incongruent,High,2
338,F4,Neutral,High,2
340,F1,Neutral,Low,0
340,F2,Incongruent,Low,0
340,F3,Neutral,High,2
340,F4,Neutral,High,2
344,F1,Neutral,Low,0
344,F2,Congruent,Low,0
344,F3,Incongruent,High,2
344,F4,Neutral,High,2
346,F1,Neutral,Low,0
346,F2,Neutral,Low,2
346,F3,Neutral,High,2
346,F4,Incongruent,High,0
347,F1,Congruent,Low,0
347,F2,Neutral,Low,0
347,F3,Congruent,High,0
347,F4,Neutral,High,2
348,F1,Neutral,Low,0
348,F2,Neutral,Low,0
348,F3,Neutral,High,2
348,F4,Incongruent,High,2
350,F1,Neutral,Low,0
350,F2,Neutral,Low,2
350,F3,Congruent,High,0
350,F4,Incongruent,High,0
351,F1,Incongruent,Low,0
351,F2,Incongruent,Low,0
351,F3,Neutral,High,0
351,F4,Neutral,High,2
352,F1,Neutral,Low,0
352,F2,Congruent,Low,1
352,F3,Neutral,High,0
352,F4,Incongruent,High,0
354,F1,Incongruent,Low,0
354,F2,Neutral,Low,0
354,F3,Neutral,High,2
354,F4,Neutral,High,0
358,F1,Neutral,Low,0
358,F2,Neutral,Low,0
358,F3,Congruent,High,2
358,F4,Congruent,High,2
361,F1,Incongruent,Low,0
361,F2,Neutral,Low,0
361,F3,Neutral,High,0
361,F4,Incongruent,High,2
362,F1,Incongruent,Low,0
362,F2,Incongruent,Low,0
362,F3,Congruent,High,2
362,F4,Neutral,High,2
363,F1,Neutral,Low,0
363,F2,Congruent,Low,0
363,F3,Incongruent,High,2
363,F4,Neutral,High,2
364,F1,Neutral,Low,0
364,F2,Neutral,Low,0
364,F3,Incongruent,High,2
364,F4,Congruent,High,2
365,F1,Congruent,Low,0
365,F2,Neutral,Low,0
365,F3,Neutral,High,2
365,F4,Neutral,High,2
366,F1,Neutral,Low,0
366,F2,Neutral,Low,0
366,F3,Incongruent,High,2
366,F4,Incongruent,High,2
367,F1,Congruent,Low,0
367,F2,Neutral,Low,0
367,F3,Neutral,High,2
367,F4,Incongruent,High,2
370,F1,Incongruent,Low,0
370,F2,Incongruent,Low,0
370,F3,Neutral,High,2
370,F4,Neutral,High,2
372,F1,Neutral,Low,1
372,F2,Incongruent,Low,2
372,F3,Neutral,High,1
372,F4,Neutral,High,1
375,F1,Incongruent,Low,0
375,F2,Neutral,Low,0
375,F3,Congruent,High,0
375,F4,Congruent,High,0
376,F1,Neutral,Low,1
376,F2,Incongruent,Low,2
376,F3,Neutral,High,1
376,F4,Congruent,High,0
380,F1,Congruent,Low,0
380,F2,Neutral,Low,0
380,F3,Incongruent,High,2
380,F4,Neutral,High,2
382,F1,Congruent,Low,0
382,F2,Incongruent,Low,0
382,F3,Neutral,High,2
382,F4,Congruent,High,2
383,F1,Neutral,Low,2
383,F2,Incongruent,Low,0
383,F3,Incongruent,High,2
383,F4,Neutral,High,0
384,F1,Congruent,Low,0
384,F2,Neutral,Low,0
384,F3,Incongruent,High,2
384,F4,Congruent,High,2
385,F1,Neutral,Low,0
385,F2,Congruent,Low,0
385,F3,Neutral,High,2
385,F4,Neutral,High,2
387,F1,Neutral,Low,0
387,F2,Congruent,Low,0
387,F3,Neutral,High,2
387,F4,Neutral,High,1
391,F1,Congruent,Low,0
391,F2,Neutral,Low,2
391,F3,Incongruent,High,2
391,F4,Neutral,High,0
392,F1,Neutral,Low,0
392,F2,Congruent,Low,0
392,F3,Congruent,High,0
392,F4,Neutral,High,0
393,F1,Congruent,Low,0
393,F2,Neutral,Low,0
393,F3,Neutral,High,1
393,F4,Congruent,High,2
394,F1,Incongruent,Low,0
394,F2,Congruent,Low,0
394,F3,Neutral,High,0
394,F4,Neutral,High,0
397,F1,Neutral,Low,0
397,F2,Incongruent,Low,0
397,F3,Neutral,High,2
397,F4,Neutral,High,2
399,F1,Incongruent,Low,1
399,F2,Neutral,Low,0
399,F3,Congruent,High,0
399,F4,Incongruent,High,0
401,F1,Congruent,Low,0
401,F2,Neutral,Low,0
401,F3,Neutral,High,1
401,F4,Incongruent,High,2
402,F1,Incongruent,Low,0
402,F2,Neutral,Low,0
402,F3,Congruent,High,0
402,F4,Congruent,High,0
403,F1,Neutral,Low,0
403,F2,Incongruent,Low,0
403,F3,Congruent,High,2
403,F4,Neutral,High,2
404,F1,Neutral,Low,0
404,F2,Congruent,Low,0
404,F3,Incongruent,High,0
404,F4,Neutral,High,2
406,F1,Neutral,Low,0
406,F2,Neutral,Low,2
406,F3,Congruent,High,0
406,F4,Neutral,High,0
408,F1,Congruent,Low,0
408,F2,Neutral,Low,0
408,F3,Congruent,High,2
408,F4,Neutral,High,2
409,F1,Congruent,Low,0
409,F2,Congruent,Low,0
409,F3,Neutral,High,2
409,F4,Neutral,High,0
412,F1,Congruent,Low,2
412,F2,Incongruent,Low,0
412,F3,Incongruent,High,2
412,F4,Congruent,High,2
413,F1,Neutral,Low,0
413,F2,Neutral,Low,0
413,F3,Congruent,High,2
413,F4,Incongruent,High,2
415,F1,Incongruent,Low,2
415,F2,Neutral,Low,0
415,F3,Congruent,High,0
415,F4,Neutral,High,0
418,F1,Incongruent,Low,2
418,F2,Congruent,Low,0
418,F3,Congruent,High,0
418,F4,Neutral,High,2
419,F1,Incongruent,Low,0
419,F2,Incongruent,Low,0
419,F3,Neutral,High,2
419,F4,Neutral,High,2
420,F1,Incongruent,Low,2
420,F2,Congruent,Low,0
420,F3,Neutral,High,2
420,F4,Neutral,High,0
421,F1,Congruent,Low,2
421,F2,Congruent,Low,0
421,F3,Neutral,High,0
421,F4,Neutral,High,2
424,F1,Congruent,Low,0
424,F2,Neutral,Low,0
424,F3,Neutral,High,2
424,F4,Neutral,High,2
425,F1,Congruent,Low,0
425,F2,Incongruent,Low,2
425,F3,Congruent,High,0
425,F4,Neutral,High,0
427,F1,Congruent,Low,0
427,F2,Incongruent,Low,0
427,F3,Neutral,High,2
427,F4,Neutral,High,1
428,F1,Congruent,Low,0
428,F2,Neutral,Low,0
428,F3,Congruent,High,2
428,F4,Neutral,High,2
429,F1,Neutral,Low,1
429,F2,Congruent,Low,2
429,F3,Congruent,High,2
429,F4,Neutral,High,1
432,F1,Neutral,Low,0
432,F2,Neutral,Low,0
432,F3,Neutral,High,0
432,F4,Incongruent,High,2
433,F1,Neutral,Low,1
433,F2,Neutral,Low,0
433,F3,Congruent,High,0
433,F4,Incongruent,High,1
434,F1,Congruent,Low,0
434,F2,Neutral,Low,1
434,F3,Neutral,High,2
434,F4,Neutral,High,1
435,F1,Incongruent,Low,2
435,F2,Neutral,Low,0
435,F3,Neutral,High,2
435,F4,Neutral,High,2
437,F1,Neutral,Low,0
437,F2,Neutral,Low,0
437,F3,Neutral,High,0
437,F4,Neutral,High,2
439,F1,Congruent,Low,0
439,F2,Neutral,Low,0
439,F3,Congruent,High,2
439,F4,Congruent,High,2
