Participant,Function,Strong_Preference,Judgment_Accuracy,Judgment_Bias
3,F5,Yes,1,0
5,F5,Yes,1,2
6,F5,No,1,NA
7,F5,No,0,NA
9,F5,No,1,NA
11,F5,Yes,1,2
12,F5,Yes,1,2
15,F5,No,0,NA
17,F5,Yes,1,0
18,F5,No,1,NA
19,F5,Yes,0,1
20,F5,Yes,1,0
21,F5,No,0,NA
22,F5,Yes,0,1
24,F5,No,0,NA
25,F5,No,1,NA
26,F5,No,1,NA
29,F5,Yes,1,0
33,F5,Yes,1,0
34,F5,No,1,NA
36,F5,Yes,1,0
37,F5,No,1,NA
39,F5,Yes,1,0
40,F5,Yes,1,0
41,F5,No,1,NA
42,F5,No,0,NA
43,F5,No,1,NA
44,F5,Yes,0,1
45,F5,Yes,1,0
48,F5,No,1,NA
50,F5,No,1,NA
51,F5,Yes,0,1
53,F5,No,1,NA
54,F5,No,1,NA
55,F5,Yes,1,2
56,F5,Yes,1,0
57,F5,Yes,1,0
58,F5,No,0,NA
59,F5,Yes,1,0
61,F5,No,1,NA
62,F5,No,0,NA
63,F5,Yes,1,0
64,F5,No,1,NA
67,F5,Yes,0,1
68,F5,No,1,NA
69,F5,Yes,0,1
73,F5,No,1,NA
74,F5,Yes,1,0
76,F5,No,1,NA
77,F5,Yes,1,0
78,F5,No,1,NA
79,F5,No,1,NA
81,F5,No,1,NA
83,F5,Yes,1,0
85,F5,No,1,NA
86,F5,Yes,0,1
87,F5,No,1,NA
88,F5,No,1,NA
91,F5,Yes,0,1
92,F5,Yes,1,0
93,F5,Yes,1,0
94,F5,No,1,NA
95,F5,No,0,NA
97,F5,Yes,1,2
98,F5,No,1,NA
99,F5,Yes,1,2
101,F5,No,0,NA
102,F5,Yes,1,0
103,F5,Yes,1,2
104,F5,Yes,1,0
105,F5,Yes,1,0
106,F5,Yes,1,0
107,F5,No,1,NA
108,F5,No,0,NA
112,F5,Yes,0,1
113,F5,Yes,1,0
116,F5,Yes,1,0
117,F5,Yes,1,0
118,F5,No,1,NA
119,F5,No,1,NA
120,F5,No,0,NA
121,F5,No,0,NA
125,F5,No,1,NA
126,F5,No,0,NA
127,F5,Yes,1,0
129,F5,Yes,1,0
131,F5,Yes,1,2
132,F5,No,0,NA
135,F5,Yes,1,0
137,F5,No,0,NA
143,F5,No,0,NA
144,F5,No,0,NA
146,F5,Yes,1,0
148,F5,Yes,1,0
149,F5,No,1,NA
150,F5,Yes,1,0
153,F5,No,1,NA
154,F5,Yes,1,0
155,F5,No,1,NA
157,F5,Yes,1,0
158,F5,No,0,NA
159,F5,Yes,1,2
160,F5,No,0,NA
161,F5,No,1,NA
162,F5,No,0,NA
164,F5,Yes,0,1
165,F5,No,1,NA
166,F5,Yes,1,0
167,F5,No,1,NA
168,F5,Yes,1,2
169,F5,Yes,1,0
170,F5,No,0,NA
171,F5,No,0,NA
172,F5,Yes,1,0
173,F5,No,1,NA
174,F5,No,1,NA
175,F5,No,0,NA
176,F5,Yes,0,1
177,F5,Yes,1,0
178,F5,No,1,NA
179,F5,Yes,0,1
180,F5,No,1,NA
181,F5,Yes,1,0
183,F5,Yes,1,2
184,F5,Yes,1,0
185,F5,No,1,NA
186,F5,Yes,1,2
187,F5,Yes,1,0
189,F5,No,1,NA
191,F5,Yes,1,0
196,F5,No,1,NA
197,F5,Yes,1,2
198,F5,No,1,NA
199,F5,Yes,1,2
200,F5,Yes,1,2
201,F5,No,1,NA
203,F5,Yes,1,0
204,F5,Yes,1,0
205,F5,No,1,NA
206,F5,Yes,1,2
208,F5,Yes,1,0
209,F5,Yes,1,0
211,F5,No,1,NA
212,F5,No,1,NA
213,F5,Yes,1,0
215,F5,Yes,1,0
216,F5,No,0,NA
217,F5,No,1,NA
219,F5,No,1,NA
220,F5,No,1,NA
221,F5,Yes,0,1
224,F5,No,1,NA
225,F5,Yes,1,2
228,F5,Yes,1,0
229,F5,No,1,NA
231,F5,Yes,1,0
232,F5,Yes,1,0
233,F5,No,0,NA
234,F5,No,1,NA
235,F5,No,1,NA
236,F5,Yes,1,2
237,F5,Yes,1,0
239,F5,No,1,NA
240,F5,Yes,0,1
242,F5,No,0,NA
243,F5,Yes,1,0
244,F5,No,1,NA
245,F5,No,1,NA
246,F5,Yes,1,0
247,F5,No,1,NA
249,F5,No,1,NA
250,F5,Yes,1,0
251,F5,Yes,1,0
252,F5,No,1,NA
254,F5,No,0,NA
255,F5,No,1,NA
259,F5,Yes,1,0
260,F5,Yes,1,2
262,F5,Yes,0,1
263,F5,No,1,NA
264,F5,Yes,1,0
265,F5,Yes,1,0
270,F5,Yes,1,0
271,F5,No,0,NA
272,F5,No,1,NA
274,F5,Yes,1,0
275,F5,Yes,1,0
277,F5,Yes,1,0
278,F5,Yes,1,0
280,F5,Yes,1,0
282,F5,No,1,NA
284,F5,Yes,0,1
285,F5,Yes,1,0
287,F5,Yes,1,2
288,F5,Yes,1,0
289,F5,No,1,NA
290,F5,Yes,1,0
291,F5,No,1,NA
292,F5,Yes,1,0
295,F5,No,1,NA
297,F5,Yes,1,0
299,F5,No,0,NA
300,F5,No,1,NA
301,F5,No,0,NA
302,F5,No,1,NA
304,F5,Yes,1,2
305,F5,No,1,NA
308,F5,Yes,1,0
309,F5,Yes,1,0
310,F5,Yes,1,0
311,F5,Yes,1,0
312,F5,Yes,1,0
313,F5,No,1,NA
314,F5,Yes,1,2
317,F5,Yes,1,0
318,F5,Yes,1,0
320,F5,Yes,1,0
326,F5,Yes,1,0
327,F5,No,1,NA
328,F5,Yes,1,0
332,F5,No,1,NA
333,F5,No,1,NA
335,F5,No,1,NA
336,F5,No,1,NA
338,F5,No,1,NA
340,F5,Yes,1,2
344,F5,No,1,NA
346,F5,Yes,0,1
347,F5,No,1,NA
348,F5,Yes,1,0
350,F5,Yes,0,1
351,F5,No,1,NA
352,F5,Yes,1,0
354,F5,Yes,0,1
358,F5,Yes,1,0
361,F5,No,1,NA
362,F5,No,1,NA
363,F5,No,0,NA
364,F5,Yes,1,2
365,F5,Yes,1,0
366,F5,Yes,1,0
367,F5,No,0,NA
370,F5,No,1,NA
372,F5,Yes,1,2
375,F5,No,1,NA
376,F5,No,0,NA
380,F5,No,1,NA
382,F5,No,1,NA
383,F5,No,0,NA
384,F5,No,0,NA
385,F5,Yes,1,2
387,F5,Yes,1,0
391,F5,No,1,NA
392,F5,No,1,NA
393,F5,No,1,NA
394,F5,No,1,NA
397,F5,Yes,1,0
399,F5,No,1,NA
401,F5,No,0,NA
402,F5,No,0,NA
403,F5,Yes,1,0
404,F5,Yes,1,2
406,F5,Yes,1,0
408,F5,No,1,NA
409,F5,Yes,0,1
412,F5,No,1,NA
413,F5,Yes,1,0
415,F5,Yes,1,2
418,F5,No,1,NA
419,F5,Yes,1,0
420,F5,Yes,1,0
421,F5,No,0,NA
424,F5,Yes,1,0
425,F5,No,0,NA
427,F5,Yes,1,0
428,F5,Yes,1,0
429,F5,No,1,NA
432,F5,Yes,0,1
433,F5,Yes,1,0
434,F5,Yes,1,0
435,F5,Yes,0,1
437,F5,No,1,NA
439,F5,No,1,NA
3,F6,No,1,NA
5,F6,No,1,NA
6,F6,Yes,1,0
7,F6,Yes,1,0
9,F6,No,1,NA
11,F6,No,0,NA
12,F6,Yes,0,1
15,F6,No,1,NA
17,F6,No,0,NA
18,F6,No,0,NA
19,F6,No,1,NA
20,F6,Yes,1,0
21,F6,Yes,1,0
22,F6,No,1,NA
24,F6,Yes,1,2
25,F6,No,1,NA
26,F6,No,1,NA
29,F6,Yes,1,2
33,F6,No,0,NA
34,F6,No,1,NA
36,F6,No,0,NA
37,F6,Yes,1,2
39,F6,No,1,NA
40,F6,No,1,NA
41,F6,Yes,1,2
42,F6,No,0,NA
43,F6,Yes,1,2
44,F6,Yes,1,0
45,F6,No,1,NA
48,F6,Yes,1,0
50,F6,No,1,NA
51,F6,No,1,NA
53,F6,Yes,1,0
54,F6,Yes,1,2
55,F6,No,1,NA
56,F6,No,1,NA
57,F6,Yes,0,1
58,F6,Yes,0,1
59,F6,No,0,NA
61,F6,Yes,1,2
62,F6,Yes,1,0
63,F6,Yes,1,2
64,F6,Yes,1,2
67,F6,No,0,NA
68,F6,No,0,NA
69,F6,Yes,1,2
73,F6,No,0,NA
74,F6,Yes,1,0
76,F6,No,1,NA
77,F6,No,1,NA
78,F6,No,1,NA
79,F6,No,1,NA
81,F6,Yes,1,2
83,F6,No,1,NA
85,F6,Yes,1,0
86,F6,No,1,NA
87,F6,No,1,NA
88,F6,No,1,NA
91,F6,Yes,0,1
92,F6,No,1,NA
93,F6,Yes,1,0
94,F6,Yes,1,0
95,F6,No,1,NA
97,F6,No,0,NA
98,F6,Yes,1,2
99,F6,No,1,NA
101,F6,No,0,NA
102,F6,No,0,NA
103,F6,No,1,NA
104,F6,No,1,NA
105,F6,Yes,1,0
106,F6,No,1,NA
107,F6,No,1,NA
108,F6,Yes,1,0
112,F6,Yes,1,2
113,F6,No,1,NA
116,F6,Yes,1,2
117,F6,Yes,1,0
118,F6,Yes,1,0
119,F6,Yes,0,1
120,F6,No,0,NA
121,F6,Yes,1,2
125,F6,Yes,1,0
126,F6,No,0,NA
127,F6,Yes,1,2
129,F6,Yes,1,0
131,F6,Yes,1,0
132,F6,Yes,0,1
135,F6,Yes,1,0
137,F6,Yes,1,0
143,F6,No,1,NA
144,F6,No,0,NA
146,F6,Yes,0,1
148,F6,Yes,1,0
149,F6,Yes,0,1
150,F6,No,1,NA
153,F6,Yes,1,0
154,F6,Yes,1,0
155,F6,Yes,1,0
157,F6,Yes,1,2
158,F6,No,0,NA
159,F6,No,1,NA
160,F6,No,1,NA
161,F6,Yes,1,0
162,F6,Yes,1,0
164,F6,No,1,NA
165,F6,No,1,NA
166,F6,Yes,1,2
167,F6,No,0,NA
168,F6,No,1,NA
169,F6,Yes,1,0
170,F6,Yes,1,0
171,F6,Yes,1,2
172,F6,Yes,1,0
173,F6,No,0,NA
174,F6,Yes,1,0
175,F6,No,1,NA
176,F6,No,0,NA
177,F6,No,0,NA
178,F6,Yes,0,1
179,F6,Yes,0,1
180,F6,Yes,1,0
181,F6,Yes,1,0
183,F6,No,1,NA
184,F6,No,0,NA
185,F6,Yes,1,0
186,F6,Yes,1,0
187,F6,No,1,NA
189,F6,Yes,1,0
191,F6,No,1,NA
196,F6,No,1,NA
197,F6,No,1,NA
198,F6,No,1,NA
199,F6,Yes,1,2
200,F6,No,1,NA
201,F6,Yes,1,0
203,F6,No,0,NA
204,F6,Yes,1,0
205,F6,Yes,1,0
206,F6,No,1,NA
208,F6,No,0,NA
209,F6,Yes,1,2
211,F6,No,1,NA
212,F6,No,1,NA
213,F6,No,1,NA
215,F6,Yes,1,0
216,F6,No,0,NA
217,F6,Yes,1,0
219,F6,Yes,1,2
220,F6,No,1,NA
221,F6,Yes,0,1
224,F6,Yes,1,2
225,F6,Yes,1,0
228,F6,No,0,NA
229,F6,Yes,1,0
231,F6,No,1,NA
232,F6,Yes,1,2
233,F6,Yes,1,0
234,F6,Yes,1,2
235,F6,No,1,NA
236,F6,Yes,1,0
237,F6,No,1,NA
239,F6,Yes,1,0
240,F6,Yes,0,1
242,F6,Yes,0,1
243,F6,Yes,1,0
244,F6,Yes,1,2
245,F6,Yes,0,1
246,F6,Yes,1,0
247,F6,Yes,1,2
249,F6,No,1,NA
250,F6,No,1,NA
251,F6,Yes,1,0
252,F6,No,1,NA
254,F6,No,1,NA
255,F6,No,0,NA
259,F6,No,1,NA
260,F6,Yes,1,2
262,F6,No,0,NA
263,F6,No,1,NA
264,F6,No,1,NA
265,F6,No,1,NA
270,F6,Yes,1,2
271,F6,Yes,1,0
272,F6,Yes,0,1
274,F6,No,1,NA
275,F6,Yes,1,0
277,F6,Yes,1,0
278,F6,No,1,NA
280,F6,Yes,1,0
282,F6,No,1,NA
284,F6,No,0,NA
285,F6,No,0,NA
287,F6,No,1,NA
288,F6,No,1,NA
289,F6,Yes,1,0
290,F6,No,1,NA
291,F6,Yes,1,0
292,F6,No,1,NA
295,F6,Yes,1,0
297,F6,No,1,NA
299,F6,Yes,1,2
300,F6,Yes,1,2
301,F6,No,1,NA
302,F6,Yes,1,0
304,F6,Yes,1,2
305,F6,No,1,NA
308,F6,No,0,NA
309,F6,No,1,NA
310,F6,No,0,NA
311,F6,No,1,NA
312,F6,No,1,NA
313,F6,Yes,1,0
314,F6,No,1,NA
317,F6,No,1,NA
318,F6,Yes,1,0
320,F6,No,1,NA
326,F6,No,0,NA
327,F6,Yes,1,2
328,F6,No,1,NA
332,F6,Yes,1,0
333,F6,Yes,1,0
335,F6,Yes,1,0
336,F6,No,1,NA
338,F6,Yes,0,1
340,F6,Yes,1,2
344,F6,No,0,NA
346,F6,Yes,0,1
347,F6,Yes,1,0
348,F6,Yes,1,2
350,F6,No,1,NA
351,F6,Yes,1,0
352,F6,No,1,NA
354,F6,Yes,0,1
358,F6,No,1,NA
361,F6,Yes,1,0
362,F6,No,1,NA
363,F6,Yes,0,1
364,F6,No,1,NA
365,F6,Yes,1,2
366,F6,No,1,NA
367,F6,Yes,1,0
370,F6,Yes,1,2
372,F6,Yes,1,2
375,F6,No,1,NA
376,F6,Yes,1,0
380,F6,Yes,1,0
382,F6,No,1,NA
383,F6,Yes,1,2
384,F6,No,1,NA
385,F6,No,1,NA
387,F6,Yes,1,0
391,F6,Yes,1,0
392,F6,Yes,1,0
393,F6,No,0,NA
394,F6,Yes,1,0
397,F6,Yes,1,2
399,F6,No,1,NA
401,F6,Yes,1,0
402,F6,No,1,NA
403,F6,No,1,NA
404,F6,No,1,NA
406,F6,Yes,1,0
408,F6,Yes,1,0
409,F6,No,0,NA
412,F6,No,1,NA
413,F6,No,1,NA
415,F6,No,1,NA
418,F6,No,1,NA
419,F6,No,1,NA
420,F6,No,1,NA
421,F6,Yes,0,1
424,F6,Yes,1,0
425,F6,No,0,NA
427,F6,No,0,NA
428,F6,No,1,NA
429,F6,Yes,1,2
432,F6,Yes,0,1
433,F6,No,1,NA
434,F6,Yes,1,0
435,F6,Yes,1,0
437,F6,No,1,NA
439,F6,No,1,NA
